[
  {
    "model": "domain_config.supervisoralias",
    "pk": 1,
    "fields": {
      "created_at": "2020-09-28T00:26:36.194Z",
      "updated_at": "2020-09-28T00:26:36.194Z",
      "alias": "Bombero",
      "domain_config": 1
    }
  },
  {
    "model": "domain_config.supervisoralias",
    "pk": 2,
    "fields": {
      "created_at": "2020-09-28T00:26:36.221Z",
      "updated_at": "2020-09-28T00:26:36.221Z",
      "alias": "Oficial",
      "domain_config": 1
    }
  },
  {
    "model": "domain_config.supervisoralias",
    "pk": 3,
    "fields": {
      "created_at": "2020-09-28T00:26:36.225Z",
      "updated_at": "2020-09-28T00:26:36.225Z",
      "alias": "Suboficial",
      "domain_config": 1
    }
  },
  {
    "model": "domain_config.supervisoralias",
    "pk": 4,
    "fields": {
      "created_at": "2020-10-11T21:58:18.720Z",
      "updated_at": "2020-10-11T21:58:18.720Z",
      "alias": "Supervisor en Jefe",
      "domain_config": 1
    }
  },
  {
    "model": "domain_config.resourcetype",
    "pk": 1,
    "fields": {
      "created_at": "2020-09-28T00:26:36.352Z",
      "updated_at": "2020-09-28T00:26:36.403Z",
      "name": "Bombero",
      "domain_config": 1
    }
  },
  {
    "model": "domain_config.resourcetype",
    "pk": 2,
    "fields": {
      "created_at": "2020-09-28T00:26:36.427Z",
      "updated_at": "2020-09-28T00:26:36.427Z",
      "name": "Canino",
      "domain_config": 1
    }
  },
  {
    "model": "domain_config.mappointdescription",
    "pk": 1,
    "fields": {
      "created_at": "2020-09-28T00:26:36.304Z",
      "updated_at": "2020-09-28T00:26:36.304Z",
      "text": "descripcion util para un map point en particular",
      "incident_type": 1
    }
  },
  {
    "model": "domain_config.mappointdescription",
    "pk": 2,
    "fields": {
      "created_at": "2020-09-28T00:26:36.393Z",
      "updated_at": "2020-09-28T00:26:36.394Z",
      "text": "descripcion util para un map point en particular",
      "incident_type": 2
    }
  },
  {
    "model": "domain_config.incidenttyperesource",
    "pk": 1,
    "fields": {
      "created_at": "2020-09-28T00:26:36.371Z",
      "updated_at": "2020-09-28T00:26:36.371Z",
      "incident_type": 1,
      "resource_type": 1
    }
  },
  {
    "model": "domain_config.incidenttyperesource",
    "pk": 2,
    "fields": {
      "created_at": "2020-09-28T00:26:36.415Z",
      "updated_at": "2020-09-28T00:26:36.415Z",
      "incident_type": 2,
      "resource_type": 1
    }
  },
  {
    "model": "domain_config.incidenttyperesource",
    "pk": 3,
    "fields": {
      "created_at": "2020-09-28T00:26:36.440Z",
      "updated_at": "2020-09-28T00:26:36.440Z",
      "incident_type": 2,
      "resource_type": 2
    }
  },
  {
    "model": "domain_config.incidenttype",
    "pk": 1,
    "fields": {
      "created_at": "2020-09-28T00:26:36.290Z",
      "updated_at": "2020-12-21T02:08:41.212Z",
      "name": "Incendio de Campo",
      "abstraction": 1,
      "details_schema": {
        "type": "object",
        "properties": {
          "motivo": {
            "type": "string",
            "title": "Motivo",
            "description": "Rotivos que provocaron el incendio"
          },
          "magnitud": {
            "enum": [
              "Alta",
              "Media",
              "Baja"
            ],
            "type": "string",
            "title": "Magnitud del incidente"
          },
          "cantInmueblesAfectados": {
            "type": "Integer",
            "title": "Cantidad de Inmuebles Afectados",
            "minimum": 0,
            "description": "Cantidad de Inmuebles afectados por el incidente. Debe ser mayor que 0."
          },
          "cantPersonasFallecidas": {
            "type": "Integer",
            "title": "Cantidad de Personas Fallecidas",
            "minimum": 0,
            "description": "Cantidad de Personas Fallecidas a causa del incidente. Debe ser mayor que 0."
          }
        },
        "description": "Datos para Incendio de Campo."
      }
    }
  },
  {
    "model": "domain_config.incidenttype",
    "pk": 2,
    "fields": {
      "created_at": "2020-09-28T00:26:36.388Z",
      "updated_at": "2020-12-21T02:09:53.598Z",
      "name": "B\u00fasqueda",
      "abstraction": 2,
      "details_schema": {
        "type": "object",
        "properties": {
          "motivo": {
            "type": "string",
            "title": "Motivo",
            "description": "Motivos que provocaron el incidente"
          },
          "cantPersonasFallecidas": {
            "type": "Integer",
            "title": "Cantidad de Personas Afectadas",
            "minimum": 0,
            "description": "Cantidad de Personas Afectadas a causa del incidente. Debe ser mayor que 0."
          }
        },
        "description": "Datos para B\u00fasqueda"
      }
    }
  },
  {
    "model": "domain_config.incidenttype",
    "pk": 3,
    "fields": {
      "created_at": "2020-10-09T20:03:09.153Z",
      "updated_at": "2020-12-21T02:12:02.367Z",
      "name": "Capacitaci\u00f3n",
      "abstraction": 2,
      "details_schema": {
        "type": "object",
        "properties": {
          "tipo": {
            "enum": [
              "Incendio",
              "RCP"
            ],
            "type": "string",
            "title": "Tipo de capacitaci\u00f3n"
          },
          "motivo": {
            "type": "string",
            "title": "Motivo",
            "description": "Motivo de la capacitaci\u00f3n"
          },
          "cantPersonasParticipantes": {
            "type": "Integer",
            "title": "Cantidad de Personas Participantes",
            "minimum": 0,
            "description": "Cantidad de Personas Participantes de la ca\u00e1citaci\u00f3n. Debe ser mayor que 0."
          }
        },
        "description": "Datos para Capacitaci\u00f3n."
      }
    }
  },
  {
    "model": "domain_config.incidentabstraction",
    "pk": 1,
    "fields": {
      "created_at": "2020-09-28T00:26:36.228Z",
      "updated_at": "2020-09-28T00:26:36.228Z",
      "alias": "Incidente",
      "domain_config": 1
    }
  },
  {
    "model": "domain_config.incidentabstraction",
    "pk": 2,
    "fields": {
      "created_at": "2020-09-28T00:26:36.383Z",
      "updated_at": "2020-09-28T00:26:36.383Z",
      "alias": "B\u00fasqueda",
      "domain_config": 1
    }
  },
  {
    "model": "domain_config.domainconfig",
    "pk": 1,
    "fields": {
      "created_at": "2020-09-28T00:26:36.144Z",
      "updated_at": "2020-11-05T14:44:44.314Z",
      "domain_name": "DominioPersonalizado",
      "admin_alias": "Administrador",
      "domain_code": "DPOXFPR8U5",
      "parsed_json": {
        "name": "DominioPersonalizado",
        "adminAlias": "Administrador",
        "supervisorAliases": [
          {
            "name": "Bombero"
          },
          {
            "name": "Oficial"
          },
          {
            "name": "Suboficial"
          },
          {
            "name": "Supervisor en Jefe"
          }
        ],
        "incidentAbstractions": [
          {
            "name": "Incidente",
            "types": [
              {
                "name": "Incendio de Campo",
                "descriptions": [
                  {
                    "text": "descripcion util para un map point en particular"
                  }
                ],
                "detailsSchema": {
                  "type": "object",
                  "properties": {
                    "motivo": {
                      "type": "string",
                      "title": "Motivo",
                      "description": "Rotivos que provocaron el incendio"
                    },
                    "magnitud": {
                      "enum": [
                        "Alta",
                        "Media",
                        "Baja"
                      ],
                      "type": "string",
                      "title": "Magnitud del incidente"
                    },
                    "cantInmueblesAfectados": {
                      "type": "Integer",
                      "title": "Cantidad de Inmuebles Afectados",
                      "minimum": 0,
                      "description": "Cantidad de Inmuebles afectados por el incidente. Debe ser mayor que 0."
                    },
                    "cantPersonasFallecidas": {
                      "type": "Integer",
                      "title": "Cantidad de Personas Fallecidas",
                      "minimum": 0,
                      "description": "Cantidad de Personas Fallecidas a causa del incidente. Debe ser mayor que 0."
                    }
                  },
                  "description": "Datos para Incendio de Campo."
                },
                "resourceTypes": [
                  {
                    "name": "Bombero"
                  }
                ]
              }
            ]
          },
          {
            "name": "B\u00fasqueda",
            "types": [
              {
                "name": "B\u00fasqueda",
                "descriptions": [
                  {
                    "text": "descripcion util para un map point en particular"
                  }
                ],
                "detailsSchema": {
                  "type": "object",
                  "properties": {
                    "motivo": {
                      "type": "string",
                      "title": "Motivo",
                      "description": "Motivos que provocaron el incidente"
                    },
                    "cantPersonasFallecidas": {
                      "type": "Integer",
                      "title": "Cantidad de Personas Afectadas",
                      "minimum": 0,
                      "description": "Cantidad de Personas Afectadas a causa del incidente. Debe ser mayor que 0."
                    }
                  },
                  "description": "Datos para B\u00fasqueda"
                },
                "resourceTypes": [
                  {
                    "name": "Bombero"
                  },
                  {
                    "name": "Canino"
                  }
                ]
              },
              {
                "name": "Capacitaci\u00f3n",
                "descriptions": [],
                "detailsSchema": {
                  "type": "object",
                  "properties": {
                    "tipo": {
                      "enum": [
                        "Incendio",
                        "RCP"
                      ],
                      "type": "string",
                      "title": "Tipo de capacitaci\u00f3n"
                    },
                    "motivo": {
                      "type": "string",
                      "title": "Motivo",
                      "description": "Motivo de la capacitaci\u00f3n"
                    },
                    "cantPersonasParticipantes": {
                      "type": "Integer",
                      "title": "Cantidad de Personas Participantes",
                      "minimum": 0,
                      "description": "Cantidad de Personas Participantes de la ca\u00e1citaci\u00f3n. Debe ser mayor que 0."
                    }
                  },
                  "description": "Datos para Capacitaci\u00f3n."
                },
                "resourceTypes": []
              }
            ]
          }
        ]
      }
    }
  },
  {
    "model": "incident.incident",
    "pk": 1,
    "fields": {
      "created_at": "2020-10-18T22:19:35.428Z",
      "updated_at": "2020-11-16T01:28:26.239Z",
      "domain_config": 1,
      "incident_type": 1,
      "external_assistance": "With external support",
      "details": {},
      "status": "Started",
      "data_status": "Incomplete",
      "location_as_string_reference": "string",
      "reference": "",
      "location_point": "SRID=4326;POINT (-62.11000442504883 -31.4209727624279)",
      "finalized_at": null,
      "cancelled_at": null
    }
  },
  {
    "model": "incident.incident",
    "pk": 2,
    "fields": {
      "created_at": "2020-10-18T22:20:51.492Z",
      "updated_at": "2020-11-15T23:37:52.037Z",
      "domain_config": 1,
      "incident_type": 2,
      "external_assistance": "Without external support",
      "details": {},
      "status": "Started",
      "data_status": "Incomplete",
      "location_as_string_reference": "string",
      "reference": "",
      "location_point": "SRID=4326;POINT (-62.11000442504883 -31.4209727624279)",
      "finalized_at": null,
      "cancelled_at": null
    }
  },
  {
    "model": "incident.incident",
    "pk": 3,
    "fields": {
      "created_at": "2020-10-22T22:52:12.018Z",
      "updated_at": "2020-11-10T14:44:15.217Z",
      "domain_config": 1,
      "incident_type": 3,
      "external_assistance": "With external support",
      "details": {},
      "status": "Started",
      "data_status": "Incomplete",
      "location_as_string_reference": "Aspen, CO, USA",
      "reference": "",
      "location_point": "SRID=4326;POINT (39.1910983 -106.8175387)",
      "finalized_at": null,
      "cancelled_at": null
    }
  },
  {
    "model": "incident.incident",
    "pk": 12,
    "fields": {
      "created_at": "2020-10-25T21:14:40.694Z",
      "updated_at": "2020-11-12T00:04:43.104Z",
      "domain_config": 1,
      "incident_type": 3,
      "external_assistance": "With external support",
      "details": {},
      "status": "Started",
      "data_status": "Incomplete",
      "location_as_string_reference": "",
      "reference": "",
      "location_point": "SRID=4326;POINT (-31.426470454823 -62.11048776031392)",
      "finalized_at": null,
      "cancelled_at": null
    }
  },
  {
    "model": "incident.incident",
    "pk": 13,
    "fields": {
      "created_at": "2020-10-25T21:35:21.981Z",
      "updated_at": "2020-11-12T18:24:25.904Z",
      "domain_config": 1,
      "incident_type": 2,
      "external_assistance": "Without external support",
      "details": {},
      "status": "Finalized",
      "data_status": "Incomplete",
      "location_as_string_reference": "",
      "reference": "",
      "location_point": "SRID=4326;POINT (-31.42643383472339 -62.11054784153391)",
      "finalized_at": null,
      "cancelled_at": null
    }
  },
  {
    "model": "incident.incident",
    "pk": 14,
    "fields": {
      "created_at": "2020-10-25T21:36:36.888Z",
      "updated_at": "2020-11-14T14:19:29.426Z",
      "domain_config": 1,
      "incident_type": 2,
      "external_assistance": "Without external support",
      "details": {},
      "status": "Canceled",
      "data_status": "Incomplete",
      "location_as_string_reference": "",
      "reference": "",
      "location_point": "SRID=4326;POINT (-31.42643383472339 -62.11046201084544)",
      "finalized_at": null,
      "cancelled_at": null
    }
  },
  {
    "model": "incident.incident",
    "pk": 15,
    "fields": {
      "created_at": "2020-10-25T21:37:14.526Z",
      "updated_at": "2020-11-16T03:13:17.082Z",
      "domain_config": 1,
      "incident_type": 3,
      "external_assistance": "Without external support",
      "details": {},
      "status": "Started",
      "data_status": "Complete",
      "location_as_string_reference": "",
      "reference": "",
      "location_point": "SRID=4326;POINT (-31.42401687652897 -62.10968953464915)",
      "finalized_at": null,
      "cancelled_at": null
    }
  },
  {
    "model": "incident.incident",
    "pk": 16,
    "fields": {
      "created_at": "2020-10-25T21:37:28.147Z",
      "updated_at": "2020-12-21T21:52:17.260Z",
      "domain_config": 1,
      "incident_type": 3,
      "external_assistance": "Without external support",
      "details": {},
      "status": "Finalized",
      "data_status": "Complete",
      "location_as_string_reference": "Plaza C\u00edvica de Pro, Los Olivos, Peru",
      "reference": "",
      "location_point": "SRID=4326;POINT (-11.9351224 -77.0767018)",
      "finalized_at": "2020-12-21T21:52:17.259Z",
      "cancelled_at": null
    }
  },
  {
    "model": "incident.incident",
    "pk": 17,
    "fields": {
      "created_at": "2020-10-25T21:37:43.155Z",
      "updated_at": "2020-11-16T03:13:37.371Z",
      "domain_config": 1,
      "incident_type": 3,
      "external_assistance": "Without external support",
      "details": {},
      "status": "Started",
      "data_status": "Complete",
      "location_as_string_reference": "Plaza C\u00edvica de Pro, Los Olivos, Peru",
      "reference": "",
      "location_point": "SRID=4326;POINT (-11.9351224 -77.0767018)",
      "finalized_at": null,
      "cancelled_at": null
    }
  },
  {
    "model": "incident.incident",
    "pk": 18,
    "fields": {
      "created_at": "2020-10-25T21:39:36.428Z",
      "updated_at": "2020-11-10T14:40:35.128Z",
      "domain_config": 1,
      "incident_type": 3,
      "external_assistance": "With external support",
      "details": {},
      "status": "Started",
      "data_status": "Incomplete",
      "location_as_string_reference": "Plaza C\u00edvica de Pro, Los Olivos, Peru",
      "reference": "",
      "location_point": "SRID=4326;POINT (-11.9351224 -77.0767018)",
      "finalized_at": null,
      "cancelled_at": null
    }
  },
  {
    "model": "incident.incident",
    "pk": 19,
    "fields": {
      "created_at": "2020-10-25T21:47:29.201Z",
      "updated_at": "2020-12-21T21:52:31.352Z",
      "domain_config": 1,
      "incident_type": 3,
      "external_assistance": "With external support",
      "details": {},
      "status": "Started",
      "data_status": "Complete",
      "location_as_string_reference": "",
      "reference": "",
      "location_point": "SRID=4326;POINT (-31.42291823857435 -62.10428220127513)",
      "finalized_at": null,
      "cancelled_at": null
    }
  },
  {
    "model": "incident.incident",
    "pk": 20,
    "fields": {
      "created_at": "2020-10-25T21:48:16.197Z",
      "updated_at": "2020-11-15T23:38:31.352Z",
      "domain_config": 1,
      "incident_type": 2,
      "external_assistance": "With external support",
      "details": {},
      "status": "Started",
      "data_status": "Incomplete",
      "location_as_string_reference": "",
      "reference": "",
      "location_point": "SRID=4326;POINT (-31.42317458858164 -62.10509759281565)",
      "finalized_at": null,
      "cancelled_at": null
    }
  },
  {
    "model": "incident.incident",
    "pk": 21,
    "fields": {
      "created_at": "2020-10-25T21:48:47.624Z",
      "updated_at": "2020-11-15T23:38:18.024Z",
      "domain_config": 1,
      "incident_type": 3,
      "external_assistance": "With external support",
      "details": {},
      "status": "Started",
      "data_status": "Incomplete",
      "location_as_string_reference": "",
      "reference": "",
      "location_point": "SRID=4326;POINT (-31.4246028115087 -62.10998994205882)",
      "finalized_at": null,
      "cancelled_at": null
    }
  },
  {
    "model": "incident.incident",
    "pk": 22,
    "fields": {
      "created_at": "2020-10-25T21:49:22.357Z",
      "updated_at": "2020-11-15T23:38:24.896Z",
      "domain_config": 1,
      "incident_type": 3,
      "external_assistance": "With external support",
      "details": {},
      "status": "Started",
      "data_status": "Incomplete",
      "location_as_string_reference": "",
      "reference": "",
      "location_point": "SRID=4326;POINT (-31.42159985603965 -62.10908871982981)",
      "finalized_at": null,
      "cancelled_at": null
    }
  },
  {
    "model": "incident.incident",
    "pk": 23,
    "fields": {
      "created_at": "2020-10-25T21:52:33.993Z",
      "updated_at": "2021-02-09T00:13:39.499Z",
      "domain_config": 1,
      "incident_type": 3,
      "external_assistance": "Without external support",
      "details": {},
      "status": "Finalized",
      "data_status": "Incomplete",
      "location_as_string_reference": "",
      "reference": "",
      "location_point": "SRID=4326;POINT (-31.42258864467819 -62.1098611960261)",
      "finalized_at": "2021-02-09T00:13:39.494Z",
      "cancelled_at": null
    }
  },
  {
    "model": "incident.incident",
    "pk": 24,
    "fields": {
      "created_at": "2020-10-25T21:55:17.965Z",
      "updated_at": "2021-02-19T22:56:07.389Z",
      "domain_config": 1,
      "incident_type": 2,
      "external_assistance": "Without external support",
      "details": {},
      "status": "Finalized",
      "data_status": "Incomplete",
      "location_as_string_reference": "",
      "reference": "",
      "location_point": "SRID=4326;POINT (-31.42174634390317 -62.10848790501048)",
      "finalized_at": "2021-02-19T22:56:07.380Z",
      "cancelled_at": null
    }
  },
  {
    "model": "incident.incident",
    "pk": 25,
    "fields": {
      "created_at": "2020-10-25T21:58:30.981Z",
      "updated_at": "2020-11-16T03:00:40.002Z",
      "domain_config": 1,
      "incident_type": 1,
      "external_assistance": "Without external support",
      "details": {
        "fruits": [],
        "vegetables": []
      },
      "status": "Started",
      "data_status": "Complete",
      "location_as_string_reference": "",
      "reference": "",
      "location_point": "SRID=4326;POINT (-31.42094065782231 -62.10928613067524)",
      "finalized_at": null,
      "cancelled_at": null
    }
  },
  {
    "model": "incident.incident",
    "pk": 26,
    "fields": {
      "created_at": "2020-10-25T22:02:57.572Z",
      "updated_at": "2020-11-16T03:01:03.791Z",
      "domain_config": 1,
      "incident_type": 1,
      "external_assistance": "Without external support",
      "details": {
        "fruits": [],
        "vegetables": []
      },
      "status": "Started",
      "data_status": "Complete",
      "location_as_string_reference": "",
      "reference": "",
      "location_point": "SRID=4326;POINT (-31.42105052451363 -62.10920029998677)",
      "finalized_at": null,
      "cancelled_at": null
    }
  },
  {
    "model": "incident.incident",
    "pk": 27,
    "fields": {
      "created_at": "2020-10-25T22:05:17.198Z",
      "updated_at": "2020-10-25T22:05:17.198Z",
      "domain_config": 1,
      "incident_type": 2,
      "external_assistance": "Without external support",
      "details": {},
      "status": "Started",
      "data_status": "Incomplete",
      "location_as_string_reference": "",
      "reference": "",
      "location_point": "SRID=4326;POINT (-31.4230647243786 -62.10967236877339)",
      "finalized_at": null,
      "cancelled_at": null
    }
  },
  {
    "model": "incident.incident",
    "pk": 28,
    "fields": {
      "created_at": "2020-10-26T22:25:53.475Z",
      "updated_at": "2020-11-16T03:03:06.281Z",
      "domain_config": 1,
      "incident_type": 1,
      "external_assistance": "Without external support",
      "details": {
        "fruits": [],
        "vegetables": []
      },
      "status": "Started",
      "data_status": "Complete",
      "location_as_string_reference": "UTN Facultad Regional de San Francisco, Avenida de la Universidad, San Francisco, C\u00f3rdoba, Argentina",
      "reference": "",
      "location_point": "SRID=4326;POINT (-31.4207983 -62.11050599999999)",
      "finalized_at": null,
      "cancelled_at": null
    }
  },
  {
    "model": "incident.incident",
    "pk": 29,
    "fields": {
      "created_at": "2020-10-26T22:27:36.349Z",
      "updated_at": "2020-11-10T16:09:53.858Z",
      "domain_config": 1,
      "incident_type": 1,
      "external_assistance": "With external support",
      "details": {},
      "status": "Started",
      "data_status": "Incomplete",
      "location_as_string_reference": "UTN Facultad Regional de San Francisco, Avenida de la Universidad, San Francisco, C\u00f3rdoba, Argentina",
      "reference": "",
      "location_point": "SRID=4326;POINT (-31.4207983 -62.11050599999999)",
      "finalized_at": null,
      "cancelled_at": null
    }
  },
  {
    "model": "incident.incident",
    "pk": 30,
    "fields": {
      "created_at": "2020-10-26T22:27:51.916Z",
      "updated_at": "2020-11-10T16:10:34.058Z",
      "domain_config": 1,
      "incident_type": 1,
      "external_assistance": "With external support",
      "details": {},
      "status": "Started",
      "data_status": "Incomplete",
      "location_as_string_reference": "UTN Facultad Regional de San Francisco, Avenida de la Universidad, San Francisco, C\u00f3rdoba, Argentina",
      "reference": "",
      "location_point": "SRID=4326;POINT (-31.4207983 -62.11050599999999)",
      "finalized_at": null,
      "cancelled_at": null
    }
  },
  {
    "model": "incident.incident",
    "pk": 31,
    "fields": {
      "created_at": "2020-10-27T00:03:04.731Z",
      "updated_at": "2020-11-14T14:30:00.728Z",
      "domain_config": 1,
      "incident_type": 1,
      "external_assistance": "Without external support",
      "details": {},
      "status": "Finalized",
      "data_status": "Incomplete",
      "location_as_string_reference": "Utnoor, Telangana, India",
      "reference": "",
      "location_point": "SRID=4326;POINT (19.3718044 78.7787889)",
      "finalized_at": null,
      "cancelled_at": null
    }
  },
  {
    "model": "incident.incident",
    "pk": 32,
    "fields": {
      "created_at": "2020-10-27T20:46:53.590Z",
      "updated_at": "2020-10-27T20:46:53.590Z",
      "domain_config": 1,
      "incident_type": 1,
      "external_assistance": "Without external support",
      "details": {},
      "status": "Started",
      "data_status": "Incomplete",
      "location_as_string_reference": "",
      "reference": "",
      "location_point": "SRID=4326;POINT (-31.4448779521987 -62.08143092527409)",
      "finalized_at": null,
      "cancelled_at": null
    }
  },
  {
    "model": "incident.incident",
    "pk": 33,
    "fields": {
      "created_at": "2020-11-07T15:58:46.747Z",
      "updated_at": "2020-11-21T19:29:38.013Z",
      "domain_config": 1,
      "incident_type": 2,
      "external_assistance": "With external support",
      "details": {},
      "status": "Finalized",
      "data_status": "Incomplete",
      "location_as_string_reference": "",
      "reference": "",
      "location_point": "SRID=4326;POINT (-31.42492437312432 -62.08405384072265)",
      "finalized_at": "2020-11-21T19:29:38.013Z",
      "cancelled_at": null
    }
  },
  {
    "model": "incident.incident",
    "pk": 34,
    "fields": {
      "created_at": "2020-11-07T16:01:13.843Z",
      "updated_at": "2020-11-16T03:11:31.282Z",
      "domain_config": 1,
      "incident_type": 1,
      "external_assistance": "Without external support",
      "details": {
        "fruits": [],
        "vegetables": []
      },
      "status": "Started",
      "data_status": "Complete",
      "location_as_string_reference": "",
      "reference": "",
      "location_point": "SRID=4326;POINT (-31.42521733823666 -62.08662876137694)",
      "finalized_at": null,
      "cancelled_at": null
    }
  },
  {
    "model": "incident.incident",
    "pk": 35,
    "fields": {
      "created_at": "2020-11-09T22:57:03.950Z",
      "updated_at": "2020-11-09T22:57:03.950Z",
      "domain_config": 1,
      "incident_type": 3,
      "external_assistance": "Without external support",
      "details": {},
      "status": "Started",
      "data_status": "Incomplete",
      "location_as_string_reference": "",
      "reference": "",
      "location_point": "SRID=4326;POINT (-31.4236214593913 -62.09109875717773)",
      "finalized_at": null,
      "cancelled_at": null
    }
  },
  {
    "model": "incident.incident",
    "pk": 36,
    "fields": {
      "created_at": "2020-11-10T16:40:22.913Z",
      "updated_at": "2020-11-10T16:40:22.913Z",
      "domain_config": 1,
      "incident_type": 1,
      "external_assistance": "Without external support",
      "details": {},
      "status": "Started",
      "data_status": "Incomplete",
      "location_as_string_reference": "",
      "reference": "prueba 2.1",
      "location_point": "SRID=4326;POINT (-31.42676131010007 -62.07567679092409)",
      "finalized_at": null,
      "cancelled_at": null
    }
  },
  {
    "model": "incident.incident",
    "pk": 37,
    "fields": {
      "created_at": "2020-11-10T16:53:49.685Z",
      "updated_at": "2020-11-10T16:53:49.685Z",
      "domain_config": 1,
      "incident_type": 1,
      "external_assistance": "Without external support",
      "details": {},
      "status": "Started",
      "data_status": "Incomplete",
      "location_as_string_reference": "",
      "reference": "prueba 2.2",
      "location_point": "SRID=4326;POINT (-31.42471056885885 -62.08597647354128)",
      "finalized_at": null,
      "cancelled_at": null
    }
  },
  {
    "model": "incident.incident",
    "pk": 38,
    "fields": {
      "created_at": "2020-11-10T16:57:48.722Z",
      "updated_at": "2020-11-10T16:57:48.722Z",
      "domain_config": 1,
      "incident_type": 3,
      "external_assistance": "With external support",
      "details": {},
      "status": "Started",
      "data_status": "Incomplete",
      "location_as_string_reference": "",
      "reference": "prueba 2.3",
      "location_point": "SRID=4326;POINT (-31.42451156443676 -62.07677928987427)",
      "finalized_at": null,
      "cancelled_at": null
    }
  },
  {
    "model": "incident.incident",
    "pk": 39,
    "fields": {
      "created_at": "2020-11-10T17:43:52.634Z",
      "updated_at": "2020-11-10T17:43:52.634Z",
      "domain_config": 1,
      "incident_type": 1,
      "external_assistance": "Without external support",
      "details": {},
      "status": "Started",
      "data_status": "Incomplete",
      "location_as_string_reference": "",
      "reference": "prueba 2.3",
      "location_point": "SRID=4326;POINT (-31.43469868948571 -62.10608129521484)",
      "finalized_at": null,
      "cancelled_at": null
    }
  },
  {
    "model": "incident.incident",
    "pk": 40,
    "fields": {
      "created_at": "2020-11-10T17:44:41.708Z",
      "updated_at": "2020-11-12T17:44:03.268Z",
      "domain_config": 1,
      "incident_type": 3,
      "external_assistance": "With external support",
      "details": {},
      "status": "Canceled",
      "data_status": "Incomplete",
      "location_as_string_reference": "Plaza General Maroto, Madrid, Espa\u00f1a",
      "reference": "prueba 4",
      "location_point": "SRID=4326;POINT (40.39361280000001 -3.6980457)",
      "finalized_at": null,
      "cancelled_at": null
    }
  },
  {
    "model": "incident.incident",
    "pk": 41,
    "fields": {
      "created_at": "2020-11-11T23:50:14.565Z",
      "updated_at": "2020-11-21T19:30:13.213Z",
      "domain_config": 1,
      "incident_type": 3,
      "external_assistance": "With external support",
      "details": {},
      "status": "Finalized",
      "data_status": "Incomplete",
      "location_as_string_reference": "",
      "reference": "plaza velez sarfield prueba 12 1313",
      "location_point": "SRID=4326;POINT (-31.41778498569858 -62.06480066650389)",
      "finalized_at": "2020-11-21T19:30:13.213Z",
      "cancelled_at": null
    }
  },
  {
    "model": "incident.incident",
    "pk": 42,
    "fields": {
      "created_at": "2020-11-11T23:51:26.240Z",
      "updated_at": "2020-11-11T23:51:26.240Z",
      "domain_config": 1,
      "incident_type": 2,
      "external_assistance": "Without external support",
      "details": {},
      "status": "Started",
      "data_status": "Incomplete",
      "location_as_string_reference": "",
      "reference": "prueba 2.0",
      "location_point": "SRID=4326;POINT (-31.42574436522099 -62.09113567252197)",
      "finalized_at": null,
      "cancelled_at": null
    }
  },
  {
    "model": "incident.incident",
    "pk": 43,
    "fields": {
      "created_at": "2020-11-11T23:54:04.642Z",
      "updated_at": "2020-11-14T14:30:23.330Z",
      "domain_config": 1,
      "incident_type": 3,
      "external_assistance": "Without external support",
      "details": {},
      "status": "Canceled",
      "data_status": "Incomplete",
      "location_as_string_reference": "\u00c1rea 51, Nevada, EE. UU.",
      "reference": "plaza velez sarfield prueba 12",
      "location_point": "SRID=4326;POINT (37.2430548 -115.7930198)",
      "finalized_at": null,
      "cancelled_at": null
    }
  },
  {
    "model": "incident.incident",
    "pk": 44,
    "fields": {
      "created_at": "2020-11-11T23:54:38.587Z",
      "updated_at": "2020-11-11T23:54:38.587Z",
      "domain_config": 1,
      "incident_type": 1,
      "external_assistance": "With external support",
      "details": {},
      "status": "Started",
      "data_status": "Incomplete",
      "location_as_string_reference": "Honey Pot Hill Orchards, Boon Road, Stow, Massachusetts, EE. UU.",
      "reference": "problemas de luz",
      "location_point": "SRID=4326;POINT (42.41163419999999 -71.51387059999999)",
      "finalized_at": null,
      "cancelled_at": null
    }
  },
  {
    "model": "incident.incident",
    "pk": 45,
    "fields": {
      "created_at": "2020-11-12T00:00:13.281Z",
      "updated_at": "2020-11-14T14:18:46.861Z",
      "domain_config": 1,
      "incident_type": 3,
      "external_assistance": "Without external support",
      "details": {},
      "status": "Canceled",
      "data_status": "Incomplete",
      "location_as_string_reference": "Indonesia - Papua New Guinea Border, Pap\u00faa Nueva Guinea",
      "reference": "prueba final?",
      "location_point": "SRID=4326;POINT (-2.6081276 141.0013139)",
      "finalized_at": null,
      "cancelled_at": null
    }
  },
  {
    "model": "incident.incident",
    "pk": 46,
    "fields": {
      "created_at": "2020-11-12T00:00:58.357Z",
      "updated_at": "2020-11-12T00:00:58.357Z",
      "domain_config": 1,
      "incident_type": 2,
      "external_assistance": "With external support",
      "details": {},
      "status": "Started",
      "data_status": "Incomplete",
      "location_as_string_reference": "Papantla, Ver., M\u00e9xico",
      "reference": "prueba 40",
      "location_point": "SRID=4326;POINT (20.4566709 -97.31561309999999)",
      "finalized_at": null,
      "cancelled_at": null
    }
  },
  {
    "model": "incident.incident",
    "pk": 47,
    "fields": {
      "created_at": "2020-11-16T12:16:48.351Z",
      "updated_at": "2020-11-16T12:16:48.351Z",
      "domain_config": 1,
      "incident_type": 2,
      "external_assistance": "With external support",
      "details": {},
      "status": "Started",
      "data_status": "Incomplete",
      "location_as_string_reference": "Kentucky, EE. UU.",
      "reference": "Buenassss",
      "location_point": "SRID=4326;POINT (37.8393332 -84.2700179)",
      "finalized_at": null,
      "cancelled_at": null
    }
  },
  {
    "model": "incident.incident",
    "pk": 48,
    "fields": {
      "created_at": "2020-11-16T13:21:37.525Z",
      "updated_at": "2020-11-16T13:21:37.526Z",
      "domain_config": 1,
      "incident_type": 3,
      "external_assistance": "Without external support",
      "details": {},
      "status": "Started",
      "data_status": "Incomplete",
      "location_as_string_reference": "Asda Park Royal Superstore, Western Road, Londres, Reino Unido",
      "reference": "plaza velez sarfield prueba 12",
      "location_point": "SRID=4326;POINT (51.5285728 -0.2696692999999999)",
      "finalized_at": null,
      "cancelled_at": null
    }
  },
  {
    "model": "incident.incident",
    "pk": 49,
    "fields": {
      "created_at": "2020-11-16T18:00:48.878Z",
      "updated_at": "2020-11-16T18:00:48.878Z",
      "domain_config": 1,
      "incident_type": 1,
      "external_assistance": "Without external support",
      "details": {},
      "status": "Started",
      "data_status": "Incomplete",
      "location_as_string_reference": "Arizona State University, Tempe Campus, Tempe, Arizona, EE. UU.",
      "reference": "asd",
      "location_point": "SRID=4326;POINT (33.4242399 -111.9280527)",
      "finalized_at": null,
      "cancelled_at": null
    }
  },
  {
    "model": "incident.incident",
    "pk": 50,
    "fields": {
      "created_at": "2020-11-16T20:21:00.497Z",
      "updated_at": "2020-11-16T20:21:00.497Z",
      "domain_config": 1,
      "incident_type": 2,
      "external_assistance": "Without external support",
      "details": {},
      "status": "Started",
      "data_status": "Incomplete",
      "location_as_string_reference": "Sealand, Reino Unido",
      "reference": "peque\u00f1a isla",
      "location_point": "SRID=4326;POINT (53.2116343 -2.9696932)",
      "finalized_at": null,
      "cancelled_at": null
    }
  },
  {
    "model": "incident.incident",
    "pk": 51,
    "fields": {
      "created_at": "2020-11-16T20:23:23.477Z",
      "updated_at": "2020-11-20T18:25:59.658Z",
      "domain_config": 1,
      "incident_type": 2,
      "external_assistance": "Without external support",
      "details": {},
      "status": "Finalized",
      "data_status": "Incomplete",
      "location_as_string_reference": "Azkaban Juegos, Calle de la Imaginaci\u00f3n, Alcobendas, Espa\u00f1a",
      "reference": "hp",
      "location_point": "SRID=4326;POINT (40.5536767 -3.6601493)",
      "finalized_at": "2020-11-20T18:25:59.657Z",
      "cancelled_at": null
    }
  },
  {
    "model": "incident.incident",
    "pk": 52,
    "fields": {
      "created_at": "2020-11-17T11:42:33.070Z",
      "updated_at": "2020-11-17T14:40:53.867Z",
      "domain_config": 1,
      "incident_type": 1,
      "external_assistance": "Without external support",
      "details": {},
      "status": "Finalized",
      "data_status": "Incomplete",
      "location_as_string_reference": "Seedorffs V\u00e6nge, Frederiksberg, Dinamarca",
      "reference": "prueba 2.0",
      "location_point": "SRID=4326;POINT (55.6833209 12.523027)",
      "finalized_at": "2020-11-17T14:40:53.867Z",
      "cancelled_at": null
    }
  },
  {
    "model": "incident.incident",
    "pk": 53,
    "fields": {
      "created_at": "2020-11-24T13:53:51.372Z",
      "updated_at": "2020-11-24T13:54:39.193Z",
      "domain_config": 1,
      "incident_type": 2,
      "external_assistance": "Without external support",
      "details": {},
      "status": "Canceled",
      "data_status": "Incomplete",
      "location_as_string_reference": "Hawaii, EE. UU.",
      "reference": "dale que se puede",
      "location_point": "SRID=4326;POINT (19.8967662 -155.5827818)",
      "finalized_at": null,
      "cancelled_at": "2020-11-24T13:54:39.193Z"
    }
  },
  {
    "model": "incident.incident",
    "pk": 54,
    "fields": {
      "created_at": "2020-11-30T22:30:50.841Z",
      "updated_at": "2020-11-30T22:30:50.841Z",
      "domain_config": 1,
      "incident_type": 1,
      "external_assistance": "Without external support",
      "details": {},
      "status": "Started",
      "data_status": "Incomplete",
      "location_as_string_reference": "",
      "reference": "Texto relcionado con el incidente",
      "location_point": "SRID=4326;POINT (-31.43022026819495 -62.08530165372228)",
      "finalized_at": null,
      "cancelled_at": null
    }
  },
  {
    "model": "incident.incident",
    "pk": 55,
    "fields": {
      "created_at": "2020-11-30T22:55:59.052Z",
      "updated_at": "2020-11-30T22:55:59.052Z",
      "domain_config": 1,
      "incident_type": 2,
      "external_assistance": "Without external support",
      "details": {},
      "status": "Started",
      "data_status": "Incomplete",
      "location_as_string_reference": "",
      "reference": "B\u00fasqueda de felino, extraviado en la v\u00eda p\u00fablica.",
      "location_point": "SRID=4326;POINT (-31.426083720508 -62.07730782074754)",
      "finalized_at": null,
      "cancelled_at": null
    }
  },
  {
    "model": "incident.incident",
    "pk": 56,
    "fields": {
      "created_at": "2020-11-30T23:52:29.220Z",
      "updated_at": "2020-11-30T23:52:29.220Z",
      "domain_config": 1,
      "incident_type": 2,
      "external_assistance": "With external support",
      "details": {},
      "status": "Started",
      "data_status": "Incomplete",
      "location_as_string_reference": "C\u00f3rdoba, Cordoba, Argentina",
      "reference": "Texto",
      "location_point": "SRID=4326;POINT (-31.42008329999999 -64.1887761)",
      "finalized_at": null,
      "cancelled_at": null
    }
  },
  {
    "model": "incident.incident",
    "pk": 57,
    "fields": {
      "created_at": "2020-12-21T21:58:52.116Z",
      "updated_at": "2020-12-21T21:58:52.116Z",
      "domain_config": 1,
      "incident_type": 1,
      "external_assistance": "Without external support",
      "details": {},
      "status": "Started",
      "data_status": "Incomplete",
      "location_as_string_reference": "",
      "reference": "Choque en cruce de Av. Cervantes y Bv. Roca.",
      "location_point": "SRID=4326;POINT (-31.42311965864018 -62.09581063918934)",
      "finalized_at": null,
      "cancelled_at": null
    }
  },
  {
    "model": "incident.incident",
    "pk": 58,
    "fields": {
      "created_at": "2020-12-21T23:17:28.334Z",
      "updated_at": "2020-12-21T23:17:28.334Z",
      "domain_config": 1,
      "incident_type": 1,
      "external_assistance": "Without external support",
      "details": {},
      "status": "Started",
      "data_status": "Incomplete",
      "location_as_string_reference": "",
      "reference": "Choque de veh\u00edculos.",
      "location_point": "SRID=4326;POINT (-31.43018022509885 -62.08512305576404)",
      "finalized_at": null,
      "cancelled_at": null
    }
  },
  {
    "model": "incident.incident",
    "pk": 59,
    "fields": {
      "created_at": "2021-02-19T23:29:46.407Z",
      "updated_at": "2021-02-19T23:29:46.407Z",
      "domain_config": 1,
      "incident_type": 1,
      "external_assistance": "With external support",
      "details": {},
      "status": "Started",
      "data_status": "Incomplete",
      "location_as_string_reference": "",
      "reference": "sdfsdfsdf",
      "location_point": "SRID=4326;POINT (-31.43787983582392 -62.08454100478514)",
      "finalized_at": null,
      "cancelled_at": null
    }
  },
  {
    "model": "incident.incidentresource",
    "pk": 1,
    "fields": {
      "created_at": "2020-11-15T04:58:38.292Z",
      "updated_at": "2020-11-15T04:58:38.294Z",
      "incident": 19,
      "resource": 1,
      "exited_from_incident_at": null
    }
  },
  {
    "model": "incident.incidentresource",
    "pk": 4,
    "fields": {
      "created_at": "2020-11-16T12:16:53.303Z",
      "updated_at": "2020-11-16T12:16:53.303Z",
      "incident": 47,
      "resource": 3,
      "exited_from_incident_at": null
    }
  },
  {
    "model": "incident.incidentresource",
    "pk": 5,
    "fields": {
      "created_at": "2020-11-16T12:16:53.326Z",
      "updated_at": "2020-11-16T12:16:53.326Z",
      "incident": 47,
      "resource": 4,
      "exited_from_incident_at": null
    }
  },
  {
    "model": "incident.incidentresource",
    "pk": 42,
    "fields": {
      "created_at": "2020-11-17T11:42:38.559Z",
      "updated_at": "2020-11-17T11:42:38.559Z",
      "incident": 52,
      "resource": 7,
      "exited_from_incident_at": null
    }
  },
  {
    "model": "incident.incidentresource",
    "pk": 43,
    "fields": {
      "created_at": "2020-11-17T11:42:38.619Z",
      "updated_at": "2020-11-17T11:42:38.619Z",
      "incident": 52,
      "resource": 8,
      "exited_from_incident_at": null
    }
  },
  {
    "model": "incident.incidentresource",
    "pk": 53,
    "fields": {
      "created_at": "2020-11-17T14:15:56.410Z",
      "updated_at": "2020-11-17T14:15:56.410Z",
      "incident": 52,
      "resource": 6,
      "exited_from_incident_at": null
    }
  },
  {
    "model": "incident.incidentresource",
    "pk": 55,
    "fields": {
      "created_at": "2020-11-17T14:18:45.984Z",
      "updated_at": "2020-11-17T14:18:45.984Z",
      "incident": 47,
      "resource": 13,
      "exited_from_incident_at": null
    }
  },
  {
    "model": "incident.incidentresource",
    "pk": 59,
    "fields": {
      "created_at": "2020-11-17T14:20:19.527Z",
      "updated_at": "2020-11-17T14:20:19.527Z",
      "incident": 49,
      "resource": 13,
      "exited_from_incident_at": null
    }
  },
  {
    "model": "incident.incidentresource",
    "pk": 60,
    "fields": {
      "created_at": "2020-11-17T14:20:19.543Z",
      "updated_at": "2020-11-17T14:20:19.543Z",
      "incident": 49,
      "resource": 2,
      "exited_from_incident_at": null
    }
  },
  {
    "model": "incident.incidentresource",
    "pk": 61,
    "fields": {
      "created_at": "2020-11-17T14:20:19.558Z",
      "updated_at": "2020-11-17T14:20:19.558Z",
      "incident": 49,
      "resource": 3,
      "exited_from_incident_at": null
    }
  },
  {
    "model": "incident.incidentresource",
    "pk": 62,
    "fields": {
      "created_at": "2020-11-17T14:20:19.573Z",
      "updated_at": "2020-11-17T14:20:19.573Z",
      "incident": 49,
      "resource": 11,
      "exited_from_incident_at": null
    }
  },
  {
    "model": "incident.incidentresource",
    "pk": 68,
    "fields": {
      "created_at": "2020-11-17T14:41:45.713Z",
      "updated_at": "2020-11-17T14:41:45.713Z",
      "incident": 51,
      "resource": 13,
      "exited_from_incident_at": null
    }
  },
  {
    "model": "incident.incidentresource",
    "pk": 69,
    "fields": {
      "created_at": "2020-11-17T14:41:45.733Z",
      "updated_at": "2020-11-17T14:41:45.733Z",
      "incident": 51,
      "resource": 3,
      "exited_from_incident_at": null
    }
  },
  {
    "model": "incident.incidentresource",
    "pk": 70,
    "fields": {
      "created_at": "2020-11-17T14:41:57.884Z",
      "updated_at": "2020-11-17T14:41:57.884Z",
      "incident": 49,
      "resource": 9,
      "exited_from_incident_at": null
    }
  },
  {
    "model": "incident.incidentresource",
    "pk": 77,
    "fields": {
      "created_at": "2020-11-17T14:44:56.730Z",
      "updated_at": "2020-11-17T14:44:56.730Z",
      "incident": 47,
      "resource": 12,
      "exited_from_incident_at": null
    }
  },
  {
    "model": "incident.incidentresource",
    "pk": 85,
    "fields": {
      "created_at": "2020-11-19T18:26:16.412Z",
      "updated_at": "2020-11-19T18:26:16.412Z",
      "incident": 24,
      "resource": 4,
      "exited_from_incident_at": "2021-02-19T22:56:07.381Z"
    }
  },
  {
    "model": "incident.incidentresource",
    "pk": 86,
    "fields": {
      "created_at": "2020-11-19T18:26:16.490Z",
      "updated_at": "2020-11-19T18:26:16.490Z",
      "incident": 24,
      "resource": 8,
      "exited_from_incident_at": "2021-02-19T22:56:07.381Z"
    }
  },
  {
    "model": "incident.incidentresource",
    "pk": 87,
    "fields": {
      "created_at": "2020-11-19T18:26:16.580Z",
      "updated_at": "2020-11-19T18:26:16.580Z",
      "incident": 24,
      "resource": 7,
      "exited_from_incident_at": "2021-02-19T22:56:07.381Z"
    }
  },
  {
    "model": "incident.incidentresource",
    "pk": 88,
    "fields": {
      "created_at": "2020-11-19T18:26:16.719Z",
      "updated_at": "2020-11-19T18:26:16.719Z",
      "incident": 24,
      "resource": 11,
      "exited_from_incident_at": "2021-02-19T22:56:07.381Z"
    }
  },
  {
    "model": "incident.incidentresource",
    "pk": 91,
    "fields": {
      "created_at": "2020-11-20T12:15:54.422Z",
      "updated_at": "2020-11-20T12:15:54.422Z",
      "incident": 51,
      "resource": 12,
      "exited_from_incident_at": null
    }
  },
  {
    "model": "incident.incidentresource",
    "pk": 92,
    "fields": {
      "created_at": "2020-11-20T12:17:39.868Z",
      "updated_at": "2020-11-20T12:17:39.868Z",
      "incident": 51,
      "resource": 11,
      "exited_from_incident_at": null
    }
  },
  {
    "model": "incident.incidentresource",
    "pk": 94,
    "fields": {
      "created_at": "2020-11-20T18:25:34.456Z",
      "updated_at": "2020-11-20T18:25:34.456Z",
      "incident": 51,
      "resource": 2,
      "exited_from_incident_at": null
    }
  },
  {
    "model": "incident.incidentresource",
    "pk": 95,
    "fields": {
      "created_at": "2020-11-20T18:25:34.474Z",
      "updated_at": "2020-11-20T18:25:34.474Z",
      "incident": 51,
      "resource": 1,
      "exited_from_incident_at": null
    }
  },
  {
    "model": "incident.incidentresource",
    "pk": 96,
    "fields": {
      "created_at": "2020-11-20T18:25:34.674Z",
      "updated_at": "2020-11-20T18:25:34.674Z",
      "incident": 51,
      "resource": 4,
      "exited_from_incident_at": null
    }
  },
  {
    "model": "incident.incidentresource",
    "pk": 97,
    "fields": {
      "created_at": "2020-11-20T18:25:34.698Z",
      "updated_at": "2020-11-20T18:25:34.698Z",
      "incident": 51,
      "resource": 5,
      "exited_from_incident_at": null
    }
  },
  {
    "model": "incident.incidentresource",
    "pk": 98,
    "fields": {
      "created_at": "2020-11-20T18:25:34.799Z",
      "updated_at": "2020-11-20T18:25:34.799Z",
      "incident": 51,
      "resource": 6,
      "exited_from_incident_at": null
    }
  },
  {
    "model": "incident.incidentresource",
    "pk": 99,
    "fields": {
      "created_at": "2020-11-20T18:25:34.819Z",
      "updated_at": "2020-11-20T18:25:34.819Z",
      "incident": 51,
      "resource": 7,
      "exited_from_incident_at": null
    }
  },
  {
    "model": "incident.incidentresource",
    "pk": 100,
    "fields": {
      "created_at": "2020-11-20T18:25:34.837Z",
      "updated_at": "2020-11-20T18:25:34.837Z",
      "incident": 51,
      "resource": 9,
      "exited_from_incident_at": null
    }
  },
  {
    "model": "incident.incidentresource",
    "pk": 101,
    "fields": {
      "created_at": "2020-11-20T18:25:34.855Z",
      "updated_at": "2020-11-20T18:25:34.855Z",
      "incident": 51,
      "resource": 8,
      "exited_from_incident_at": null
    }
  },
  {
    "model": "incident.incidentresource",
    "pk": 106,
    "fields": {
      "created_at": "2020-11-21T19:16:49.856Z",
      "updated_at": "2020-11-21T19:16:49.856Z",
      "incident": 32,
      "resource": 1,
      "exited_from_incident_at": null
    }
  },
  {
    "model": "incident.incidentresource",
    "pk": 107,
    "fields": {
      "created_at": "2020-11-21T19:16:49.873Z",
      "updated_at": "2020-11-21T19:16:49.873Z",
      "incident": 32,
      "resource": 2,
      "exited_from_incident_at": null
    }
  },
  {
    "model": "incident.incidentresource",
    "pk": 108,
    "fields": {
      "created_at": "2020-11-21T19:16:49.888Z",
      "updated_at": "2020-11-21T19:16:49.888Z",
      "incident": 32,
      "resource": 3,
      "exited_from_incident_at": null
    }
  },
  {
    "model": "incident.incidentresource",
    "pk": 109,
    "fields": {
      "created_at": "2020-11-21T19:16:50.058Z",
      "updated_at": "2020-11-21T19:16:50.058Z",
      "incident": 32,
      "resource": 4,
      "exited_from_incident_at": null
    }
  },
  {
    "model": "incident.incidentresource",
    "pk": 110,
    "fields": {
      "created_at": "2020-11-21T19:16:50.098Z",
      "updated_at": "2020-11-21T19:16:50.098Z",
      "incident": 32,
      "resource": 5,
      "exited_from_incident_at": null
    }
  },
  {
    "model": "incident.incidentresource",
    "pk": 112,
    "fields": {
      "created_at": "2020-11-21T19:16:50.186Z",
      "updated_at": "2020-11-21T19:16:50.186Z",
      "incident": 32,
      "resource": 7,
      "exited_from_incident_at": null
    }
  },
  {
    "model": "incident.incidentresource",
    "pk": 114,
    "fields": {
      "created_at": "2020-11-21T19:16:50.217Z",
      "updated_at": "2020-11-21T19:16:50.217Z",
      "incident": 32,
      "resource": 9,
      "exited_from_incident_at": null
    }
  },
  {
    "model": "incident.incidentresource",
    "pk": 115,
    "fields": {
      "created_at": "2020-11-21T19:16:50.268Z",
      "updated_at": "2020-11-21T19:16:50.268Z",
      "incident": 32,
      "resource": 13,
      "exited_from_incident_at": null
    }
  },
  {
    "model": "incident.incidentresource",
    "pk": 116,
    "fields": {
      "created_at": "2020-11-21T19:23:24.526Z",
      "updated_at": "2020-11-21T19:23:24.526Z",
      "incident": 32,
      "resource": 11,
      "exited_from_incident_at": null
    }
  },
  {
    "model": "incident.incidentresource",
    "pk": 117,
    "fields": {
      "created_at": "2020-11-21T19:23:24.545Z",
      "updated_at": "2020-11-21T19:23:24.545Z",
      "incident": 32,
      "resource": 12,
      "exited_from_incident_at": null
    }
  },
  {
    "model": "incident.incidentresource",
    "pk": 118,
    "fields": {
      "created_at": "2020-11-21T19:27:51.413Z",
      "updated_at": "2020-11-21T19:27:51.413Z",
      "incident": 23,
      "resource": 11,
      "exited_from_incident_at": "2021-02-09T00:13:39.495Z"
    }
  },
  {
    "model": "incident.incidentresource",
    "pk": 120,
    "fields": {
      "created_at": "2020-11-21T19:28:41.926Z",
      "updated_at": "2020-11-21T19:28:41.926Z",
      "incident": 33,
      "resource": 2,
      "exited_from_incident_at": null
    }
  },
  {
    "model": "incident.incidentresource",
    "pk": 121,
    "fields": {
      "created_at": "2020-11-21T19:28:41.939Z",
      "updated_at": "2020-11-21T19:28:41.939Z",
      "incident": 33,
      "resource": 1,
      "exited_from_incident_at": null
    }
  },
  {
    "model": "incident.incidentresource",
    "pk": 122,
    "fields": {
      "created_at": "2020-11-21T19:28:42.122Z",
      "updated_at": "2020-11-21T19:28:42.122Z",
      "incident": 33,
      "resource": 3,
      "exited_from_incident_at": null
    }
  },
  {
    "model": "incident.incidentresource",
    "pk": 123,
    "fields": {
      "created_at": "2020-11-21T19:28:42.135Z",
      "updated_at": "2020-11-21T19:28:42.136Z",
      "incident": 33,
      "resource": 4,
      "exited_from_incident_at": null
    }
  },
  {
    "model": "incident.incidentresource",
    "pk": 124,
    "fields": {
      "created_at": "2020-11-21T19:28:42.279Z",
      "updated_at": "2020-11-21T19:28:42.279Z",
      "incident": 33,
      "resource": 6,
      "exited_from_incident_at": null
    }
  },
  {
    "model": "incident.incidentresource",
    "pk": 125,
    "fields": {
      "created_at": "2020-11-21T19:28:42.291Z",
      "updated_at": "2020-11-21T19:28:42.292Z",
      "incident": 33,
      "resource": 5,
      "exited_from_incident_at": null
    }
  },
  {
    "model": "incident.incidentresource",
    "pk": 126,
    "fields": {
      "created_at": "2020-11-21T19:28:42.305Z",
      "updated_at": "2020-11-21T19:28:42.305Z",
      "incident": 33,
      "resource": 7,
      "exited_from_incident_at": null
    }
  },
  {
    "model": "incident.incidentresource",
    "pk": 127,
    "fields": {
      "created_at": "2020-11-21T19:28:42.318Z",
      "updated_at": "2020-11-21T19:28:42.318Z",
      "incident": 33,
      "resource": 8,
      "exited_from_incident_at": null
    }
  },
  {
    "model": "incident.incidentresource",
    "pk": 128,
    "fields": {
      "created_at": "2020-11-21T19:28:42.330Z",
      "updated_at": "2020-11-21T19:28:42.330Z",
      "incident": 33,
      "resource": 9,
      "exited_from_incident_at": null
    }
  },
  {
    "model": "incident.incidentresource",
    "pk": 129,
    "fields": {
      "created_at": "2020-11-21T19:28:42.346Z",
      "updated_at": "2020-11-21T19:28:42.346Z",
      "incident": 33,
      "resource": 13,
      "exited_from_incident_at": null
    }
  },
  {
    "model": "incident.incidentresource",
    "pk": 130,
    "fields": {
      "created_at": "2020-11-21T19:28:44.290Z",
      "updated_at": "2020-11-21T19:28:44.290Z",
      "incident": 33,
      "resource": 11,
      "exited_from_incident_at": null
    }
  },
  {
    "model": "incident.incidentresource",
    "pk": 131,
    "fields": {
      "created_at": "2020-11-21T19:28:44.312Z",
      "updated_at": "2020-11-21T19:28:44.313Z",
      "incident": 33,
      "resource": 12,
      "exited_from_incident_at": null
    }
  },
  {
    "model": "incident.incidentresource",
    "pk": 132,
    "fields": {
      "created_at": "2020-11-21T19:30:03.492Z",
      "updated_at": "2020-11-21T19:30:03.492Z",
      "incident": 41,
      "resource": 5,
      "exited_from_incident_at": null
    }
  },
  {
    "model": "incident.incidentresource",
    "pk": 133,
    "fields": {
      "created_at": "2020-11-21T19:30:03.509Z",
      "updated_at": "2020-11-21T19:30:03.510Z",
      "incident": 41,
      "resource": 7,
      "exited_from_incident_at": null
    }
  },
  {
    "model": "incident.incidentresource",
    "pk": 136,
    "fields": {
      "created_at": "2020-11-21T21:15:17.335Z",
      "updated_at": "2020-11-21T21:15:17.335Z",
      "incident": 48,
      "resource": 11,
      "exited_from_incident_at": null
    }
  },
  {
    "model": "incident.incidentresource",
    "pk": 138,
    "fields": {
      "created_at": "2020-11-21T21:15:51.631Z",
      "updated_at": "2020-11-21T21:15:51.631Z",
      "incident": 48,
      "resource": 3,
      "exited_from_incident_at": null
    }
  },
  {
    "model": "incident.incidentresource",
    "pk": 139,
    "fields": {
      "created_at": "2020-11-21T21:15:51.669Z",
      "updated_at": "2020-11-21T21:15:51.669Z",
      "incident": 48,
      "resource": 4,
      "exited_from_incident_at": null
    }
  },
  {
    "model": "incident.incidentresource",
    "pk": 141,
    "fields": {
      "created_at": "2020-11-23T21:21:46.254Z",
      "updated_at": "2020-11-23T21:21:46.254Z",
      "incident": 50,
      "resource": 11,
      "exited_from_incident_at": null
    }
  },
  {
    "model": "incident.incidentresource",
    "pk": 142,
    "fields": {
      "created_at": "2020-11-23T21:21:52.205Z",
      "updated_at": "2020-11-23T21:21:52.205Z",
      "incident": 50,
      "resource": 1,
      "exited_from_incident_at": null
    }
  },
  {
    "model": "incident.incidentresource",
    "pk": 143,
    "fields": {
      "created_at": "2020-11-23T21:21:52.283Z",
      "updated_at": "2020-11-23T21:21:52.283Z",
      "incident": 50,
      "resource": 3,
      "exited_from_incident_at": null
    }
  },
  {
    "model": "incident.incidentresource",
    "pk": 144,
    "fields": {
      "created_at": "2020-11-23T21:21:52.465Z",
      "updated_at": "2020-11-23T21:21:52.465Z",
      "incident": 50,
      "resource": 4,
      "exited_from_incident_at": null
    }
  },
  {
    "model": "incident.incidentresource",
    "pk": 145,
    "fields": {
      "created_at": "2020-11-23T21:21:52.492Z",
      "updated_at": "2020-11-23T21:21:52.492Z",
      "incident": 50,
      "resource": 13,
      "exited_from_incident_at": null
    }
  },
  {
    "model": "incident.incidentresource",
    "pk": 146,
    "fields": {
      "created_at": "2020-11-24T11:32:49.517Z",
      "updated_at": "2020-11-24T11:32:49.517Z",
      "incident": 39,
      "resource": 1,
      "exited_from_incident_at": null
    }
  },
  {
    "model": "incident.incidentresource",
    "pk": 147,
    "fields": {
      "created_at": "2020-11-24T11:32:49.553Z",
      "updated_at": "2020-11-24T11:32:49.554Z",
      "incident": 39,
      "resource": 2,
      "exited_from_incident_at": null
    }
  },
  {
    "model": "incident.incidentresource",
    "pk": 148,
    "fields": {
      "created_at": "2020-11-24T11:32:49.767Z",
      "updated_at": "2020-11-24T11:32:49.767Z",
      "incident": 39,
      "resource": 3,
      "exited_from_incident_at": null
    }
  },
  {
    "model": "incident.incidentresource",
    "pk": 149,
    "fields": {
      "created_at": "2020-11-24T11:32:49.797Z",
      "updated_at": "2020-11-24T11:32:49.797Z",
      "incident": 39,
      "resource": 5,
      "exited_from_incident_at": null
    }
  },
  {
    "model": "incident.incidentresource",
    "pk": 150,
    "fields": {
      "created_at": "2020-11-24T11:32:49.992Z",
      "updated_at": "2020-11-24T11:32:49.992Z",
      "incident": 39,
      "resource": 8,
      "exited_from_incident_at": null
    }
  },
  {
    "model": "incident.incidentresource",
    "pk": 151,
    "fields": {
      "created_at": "2020-11-24T11:32:52.652Z",
      "updated_at": "2020-11-24T11:32:52.652Z",
      "incident": 39,
      "resource": 12,
      "exited_from_incident_at": null
    }
  },
  {
    "model": "incident.incidentresource",
    "pk": 152,
    "fields": {
      "created_at": "2020-11-24T13:54:02.928Z",
      "updated_at": "2020-11-24T13:54:02.928Z",
      "incident": 53,
      "resource": 2,
      "exited_from_incident_at": null
    }
  },
  {
    "model": "incident.incidentresource",
    "pk": 155,
    "fields": {
      "created_at": "2020-11-24T13:54:03.162Z",
      "updated_at": "2020-11-24T13:54:03.163Z",
      "incident": 53,
      "resource": 6,
      "exited_from_incident_at": null
    }
  },
  {
    "model": "incident.incidentresource",
    "pk": 158,
    "fields": {
      "created_at": "2020-11-24T13:54:21.025Z",
      "updated_at": "2020-11-24T13:54:21.025Z",
      "incident": 53,
      "resource": 8,
      "exited_from_incident_at": null
    }
  },
  {
    "model": "incident.incidentresource",
    "pk": 159,
    "fields": {
      "created_at": "2020-11-24T13:54:21.039Z",
      "updated_at": "2020-11-24T13:54:21.039Z",
      "incident": 53,
      "resource": 5,
      "exited_from_incident_at": null
    }
  },
  {
    "model": "incident.incidentresource",
    "pk": 160,
    "fields": {
      "created_at": "2020-11-24T13:54:21.055Z",
      "updated_at": "2020-11-24T13:54:21.055Z",
      "incident": 53,
      "resource": 7,
      "exited_from_incident_at": null
    }
  },
  {
    "model": "incident.incidentresource",
    "pk": 161,
    "fields": {
      "created_at": "2020-11-24T13:54:23.580Z",
      "updated_at": "2020-11-24T13:54:23.580Z",
      "incident": 53,
      "resource": 11,
      "exited_from_incident_at": null
    }
  },
  {
    "model": "incident.incidentresource",
    "pk": 162,
    "fields": {
      "created_at": "2020-11-24T13:54:32.538Z",
      "updated_at": "2020-11-24T13:54:32.538Z",
      "incident": 53,
      "resource": 1,
      "exited_from_incident_at": null
    }
  },
  {
    "model": "incident.incidentresource",
    "pk": 163,
    "fields": {
      "created_at": "2020-11-24T13:54:32.551Z",
      "updated_at": "2020-11-24T13:54:32.551Z",
      "incident": 53,
      "resource": 9,
      "exited_from_incident_at": null
    }
  },
  {
    "model": "incident.incidentresource",
    "pk": 165,
    "fields": {
      "created_at": "2020-11-26T23:13:50.285Z",
      "updated_at": "2020-11-26T23:13:50.285Z",
      "incident": 23,
      "resource": 2,
      "exited_from_incident_at": "2021-02-09T00:13:39.495Z"
    }
  },
  {
    "model": "incident.incidentresource",
    "pk": 166,
    "fields": {
      "created_at": "2020-11-26T23:13:54.531Z",
      "updated_at": "2020-11-26T23:13:54.531Z",
      "incident": 23,
      "resource": 3,
      "exited_from_incident_at": "2021-02-09T00:13:39.495Z"
    }
  },
  {
    "model": "incident.incidentresource",
    "pk": 167,
    "fields": {
      "created_at": "2020-11-26T23:13:57.155Z",
      "updated_at": "2020-11-26T23:13:57.155Z",
      "incident": 23,
      "resource": 4,
      "exited_from_incident_at": "2021-02-09T00:13:39.495Z"
    }
  },
  {
    "model": "incident.incidentresource",
    "pk": 168,
    "fields": {
      "created_at": "2020-11-26T23:13:59.872Z",
      "updated_at": "2020-11-26T23:13:59.872Z",
      "incident": 23,
      "resource": 5,
      "exited_from_incident_at": "2021-02-09T00:13:39.495Z"
    }
  },
  {
    "model": "incident.incidentresource",
    "pk": 169,
    "fields": {
      "created_at": "2020-11-26T23:14:02.160Z",
      "updated_at": "2020-11-26T23:14:02.160Z",
      "incident": 23,
      "resource": 6,
      "exited_from_incident_at": "2021-02-09T00:13:39.495Z"
    }
  },
  {
    "model": "incident.incidentresource",
    "pk": 170,
    "fields": {
      "created_at": "2020-11-26T23:14:07.293Z",
      "updated_at": "2020-11-26T23:14:07.293Z",
      "incident": 23,
      "resource": 7,
      "exited_from_incident_at": "2021-02-09T00:13:39.495Z"
    }
  },
  {
    "model": "incident.incidentresource",
    "pk": 171,
    "fields": {
      "created_at": "2020-11-26T23:14:11.912Z",
      "updated_at": "2020-11-26T23:14:11.912Z",
      "incident": 23,
      "resource": 8,
      "exited_from_incident_at": "2021-02-09T00:13:39.495Z"
    }
  },
  {
    "model": "incident.incidentresource",
    "pk": 172,
    "fields": {
      "created_at": "2020-11-26T23:14:14.478Z",
      "updated_at": "2020-11-26T23:14:14.478Z",
      "incident": 23,
      "resource": 9,
      "exited_from_incident_at": "2021-02-09T00:13:39.495Z"
    }
  },
  {
    "model": "incident.incidentresource",
    "pk": 173,
    "fields": {
      "created_at": "2020-11-30T22:31:08.701Z",
      "updated_at": "2020-11-30T22:31:08.701Z",
      "incident": 54,
      "resource": 7,
      "exited_from_incident_at": null
    }
  },
  {
    "model": "incident.incidentresource",
    "pk": 174,
    "fields": {
      "created_at": "2020-11-30T22:35:34.420Z",
      "updated_at": "2020-11-30T22:35:34.420Z",
      "incident": 54,
      "resource": 14,
      "exited_from_incident_at": null
    }
  },
  {
    "model": "incident.incidentresource",
    "pk": 175,
    "fields": {
      "created_at": "2020-11-30T22:36:57.016Z",
      "updated_at": "2020-11-30T22:36:57.016Z",
      "incident": 54,
      "resource": 15,
      "exited_from_incident_at": null
    }
  },
  {
    "model": "incident.incidentresource",
    "pk": 176,
    "fields": {
      "created_at": "2020-11-30T22:56:30.511Z",
      "updated_at": "2020-11-30T22:56:30.511Z",
      "incident": 55,
      "resource": 5,
      "exited_from_incident_at": null
    }
  },
  {
    "model": "incident.incidentresource",
    "pk": 177,
    "fields": {
      "created_at": "2020-11-30T22:56:30.732Z",
      "updated_at": "2020-11-30T22:56:30.732Z",
      "incident": 55,
      "resource": 14,
      "exited_from_incident_at": null
    }
  },
  {
    "model": "incident.incidentresource",
    "pk": 178,
    "fields": {
      "created_at": "2020-11-30T22:56:30.948Z",
      "updated_at": "2020-11-30T22:56:30.948Z",
      "incident": 55,
      "resource": 15,
      "exited_from_incident_at": null
    }
  },
  {
    "model": "incident.incidentresource",
    "pk": 179,
    "fields": {
      "created_at": "2020-11-30T23:52:34.526Z",
      "updated_at": "2020-11-30T23:52:34.526Z",
      "incident": 56,
      "resource": 5,
      "exited_from_incident_at": null
    }
  },
  {
    "model": "incident.incidentresource",
    "pk": 180,
    "fields": {
      "created_at": "2020-11-30T23:52:34.547Z",
      "updated_at": "2020-11-30T23:52:34.547Z",
      "incident": 56,
      "resource": 14,
      "exited_from_incident_at": null
    }
  },
  {
    "model": "incident.incidentresource",
    "pk": 181,
    "fields": {
      "created_at": "2020-12-21T21:53:07.765Z",
      "updated_at": "2020-12-21T21:53:07.765Z",
      "incident": 28,
      "resource": 6,
      "exited_from_incident_at": null
    }
  },
  {
    "model": "incident.incidentresource",
    "pk": 182,
    "fields": {
      "created_at": "2020-12-21T21:53:07.832Z",
      "updated_at": "2020-12-21T21:53:07.832Z",
      "incident": 28,
      "resource": 7,
      "exited_from_incident_at": null
    }
  },
  {
    "model": "incident.incidentresource",
    "pk": 183,
    "fields": {
      "created_at": "2020-12-21T21:53:08.145Z",
      "updated_at": "2020-12-21T21:53:08.145Z",
      "incident": 28,
      "resource": 14,
      "exited_from_incident_at": null
    }
  },
  {
    "model": "incident.incidentresource",
    "pk": 184,
    "fields": {
      "created_at": "2020-12-21T21:59:01.085Z",
      "updated_at": "2020-12-21T21:59:01.085Z",
      "incident": 57,
      "resource": 4,
      "exited_from_incident_at": null
    }
  },
  {
    "model": "incident.incidentresource",
    "pk": 185,
    "fields": {
      "created_at": "2020-12-21T21:59:01.375Z",
      "updated_at": "2020-12-21T21:59:01.375Z",
      "incident": 57,
      "resource": 6,
      "exited_from_incident_at": null
    }
  },
  {
    "model": "incident.incidentresource",
    "pk": 186,
    "fields": {
      "created_at": "2020-12-21T21:59:01.635Z",
      "updated_at": "2020-12-21T21:59:01.635Z",
      "incident": 57,
      "resource": 9,
      "exited_from_incident_at": null
    }
  },
  {
    "model": "incident.incidentresource",
    "pk": 187,
    "fields": {
      "created_at": "2020-12-21T21:59:02.051Z",
      "updated_at": "2020-12-21T21:59:02.051Z",
      "incident": 57,
      "resource": 13,
      "exited_from_incident_at": null
    }
  },
  {
    "model": "incident.incidentresource",
    "pk": 188,
    "fields": {
      "created_at": "2020-12-21T23:17:50.233Z",
      "updated_at": "2020-12-21T23:17:50.233Z",
      "incident": 58,
      "resource": 4,
      "exited_from_incident_at": null
    }
  },
  {
    "model": "incident.incidentresource",
    "pk": 189,
    "fields": {
      "created_at": "2020-12-21T23:17:50.288Z",
      "updated_at": "2020-12-21T23:17:50.288Z",
      "incident": 58,
      "resource": 5,
      "exited_from_incident_at": null
    }
  },
  {
    "model": "incident.incidentresource",
    "pk": 190,
    "fields": {
      "created_at": "2020-12-21T23:17:50.533Z",
      "updated_at": "2020-12-21T23:17:50.533Z",
      "incident": 58,
      "resource": 6,
      "exited_from_incident_at": null
    }
  },
  {
    "model": "incident.incidentresource",
    "pk": 191,
    "fields": {
      "created_at": "2020-12-21T23:17:50.597Z",
      "updated_at": "2020-12-21T23:17:50.597Z",
      "incident": 58,
      "resource": 13,
      "exited_from_incident_at": null
    }
  },
  {
    "model": "incident.incidentresource",
    "pk": 192,
    "fields": {
      "created_at": "2021-02-19T23:29:52.054Z",
      "updated_at": "2021-02-19T23:29:52.054Z",
      "incident": 59,
      "resource": 5,
      "exited_from_incident_at": null
    }
  },
  {
    "model": "incident.incidentresource",
    "pk": 193,
    "fields": {
      "created_at": "2021-02-19T23:29:52.084Z",
      "updated_at": "2021-02-19T23:29:52.084Z",
      "incident": 59,
      "resource": 6,
      "exited_from_incident_at": null
    }
  },
  {
    "model": "incident.incidentresource",
    "pk": 194,
    "fields": {
      "created_at": "2021-02-19T23:29:52.271Z",
      "updated_at": "2021-02-19T23:29:52.271Z",
      "incident": 59,
      "resource": 7,
      "exited_from_incident_at": null
    }
  },
  {
    "model": "incident.incidentresource",
    "pk": 195,
    "fields": {
      "created_at": "2021-02-19T23:29:52.337Z",
      "updated_at": "2021-02-19T23:29:52.337Z",
      "incident": 59,
      "resource": 8,
      "exited_from_incident_at": null
    }
  },
  {
    "model": "incident.incidentresource",
    "pk": 196,
    "fields": {
      "created_at": "2021-02-20T00:05:43.746Z",
      "updated_at": "2021-02-20T00:05:43.747Z",
      "incident": 27,
      "resource": 2,
      "exited_from_incident_at": null
    }
  },
  {
    "model": "incident.incidentresource",
    "pk": 198,
    "fields": {
      "created_at": "2021-02-20T00:09:27.555Z",
      "updated_at": "2021-02-20T00:09:27.555Z",
      "incident": 27,
      "resource": 3,
      "exited_from_incident_at": null
    }
  },
  {
    "model": "geolocation.trackpoint",
    "pk": 1,
    "fields": {
      "location": "SRID=4326;POINT (-31.42512 -62.0862)",
      "time_created": "2020-11-26T21:20:39.213Z",
      "incident": 23,
      "incident_resource": 118
    }
  },
  {
    "model": "geolocation.trackpoint",
    "pk": 2,
    "fields": {
      "location": "SRID=4326;POINT (-31.4251 -62.0861)",
      "time_created": "2020-11-26T21:20:51.144Z",
      "incident": 23,
      "incident_resource": 118
    }
  },
  {
    "model": "geolocation.trackpoint",
    "pk": 3,
    "fields": {
      "location": "SRID=4326;POINT (-31.43035 -62.08537)",
      "time_created": "2020-11-30T22:48:32.590Z",
      "incident": 54,
      "incident_resource": 175
    }
  },
  {
    "model": "geolocation.trackpoint",
    "pk": 4,
    "fields": {
      "location": "SRID=4326;POINT (-31.43036 -62.08537)",
      "time_created": "2020-11-30T22:48:41.551Z",
      "incident": 54,
      "incident_resource": 175
    }
  },
  {
    "model": "geolocation.trackpoint",
    "pk": 5,
    "fields": {
      "location": "SRID=4326;POINT (-31.43038 -62.08535)",
      "time_created": "2020-11-30T22:48:50.174Z",
      "incident": 54,
      "incident_resource": 175
    }
  },
  {
    "model": "geolocation.trackpoint",
    "pk": 6,
    "fields": {
      "location": "SRID=4326;POINT (-31.43042 -62.0867)",
      "time_created": "2020-11-30T22:50:02.870Z",
      "incident": 54,
      "incident_resource": 174
    }
  },
  {
    "model": "geolocation.trackpoint",
    "pk": 7,
    "fields": {
      "location": "SRID=4326;POINT (-31.433 -62.0869)",
      "time_created": "2020-11-30T22:50:14.106Z",
      "incident": 54,
      "incident_resource": 174
    }
  },
  {
    "model": "geolocation.trackpoint",
    "pk": 8,
    "fields": {
      "location": "SRID=4326;POINT (-31.4337 -62.085)",
      "time_created": "2020-11-30T22:50:27.840Z",
      "incident": 54,
      "incident_resource": 174
    }
  },
  {
    "model": "geolocation.trackpoint",
    "pk": 9,
    "fields": {
      "location": "SRID=4326;POINT (-31.438 -62.0857)",
      "time_created": "2020-11-30T22:50:36.351Z",
      "incident": 54,
      "incident_resource": 174
    }
  },
  {
    "model": "geolocation.trackpoint",
    "pk": 10,
    "fields": {
      "location": "SRID=4326;POINT (-31.438 -62.0856)",
      "time_created": "2020-11-30T22:51:11.013Z",
      "incident": 54,
      "incident_resource": 175
    }
  },
  {
    "model": "geolocation.trackpoint",
    "pk": 11,
    "fields": {
      "location": "SRID=4326;POINT (-31.438 -62.0853)",
      "time_created": "2020-11-30T22:51:38.494Z",
      "incident": 54,
      "incident_resource": 175
    }
  },
  {
    "model": "geolocation.trackpoint",
    "pk": 12,
    "fields": {
      "location": "SRID=4326;POINT (-31.43899 -62.0859)",
      "time_created": "2020-11-30T22:52:36.305Z",
      "incident": 54,
      "incident_resource": 173
    }
  },
  {
    "model": "geolocation.trackpoint",
    "pk": 13,
    "fields": {
      "location": "SRID=4326;POINT (-31.43022026819495 -62.08530165372228)",
      "time_created": "2020-11-30T22:54:08.694Z",
      "incident": 54,
      "incident_resource": 173
    }
  },
  {
    "model": "geolocation.mappoint",
    "pk": 9,
    "fields": {
      "location": "SRID=4326;POINT (-31.425117 -62.086124)",
      "time_created": "2020-11-26T21:19:55.953Z",
      "incident": 23,
      "incident_resource": 118,
      "description_text": "string"
    }
  },
  {
    "model": "geolocation.mappoint",
    "pk": 10,
    "fields": {
      "location": "SRID=4326;POINT (-31.42512 -62.0862)",
      "time_created": "2020-11-26T21:20:18.039Z",
      "incident": 23,
      "incident_resource": 74,
      "description_text": "string"
    }
  },
  {
    "model": "geolocation.mappoint",
    "pk": 11,
    "fields": {
      "location": "SRID=4326;POINT (-31.43022026819495 -62.08530165372228)",
      "time_created": "2020-11-30T22:46:07.138Z",
      "incident": 54,
      "incident_resource": 173,
      "description_text": "Comentario relacionado al incidente"
    }
  },
  {
    "model": "geolocation.mappoint",
    "pk": 12,
    "fields": {
      "location": "SRID=4326;POINT (-31.43022026819495 -62.08530165372228)",
      "time_created": "2020-11-30T22:46:20.092Z",
      "incident": 54,
      "incident_resource": 174,
      "description_text": "Otro comentario relacionado al incidente"
    }
  },
  {
    "model": "geolocation.mappoint",
    "pk": 13,
    "fields": {
      "location": "SRID=4326;POINT (-31.4303 -62.08535)",
      "time_created": "2020-11-30T22:47:31.426Z",
      "incident": 54,
      "incident_resource": 173,
      "description_text": "Comentario relacionado al incidente"
    }
  },
  {
    "model": "geolocation.mappoint",
    "pk": 14,
    "fields": {
      "location": "SRID=4326;POINT (-31.43899 -62.0859)",
      "time_created": "2020-11-30T22:53:14.695Z",
      "incident": 54,
      "incident_resource": 173,
      "description_text": "Comentario relacionado al incidente"
    }
  },
  {
    "model": "users.user",
    "pk": "0150d244-b18d-4b80-a049-b45a8444b95b",
    "fields": {
      "password": "pbkdf2_sha256$180000$3DLcHNyP4moi$PIgcPhvsIZoWDoCMPNdsk+IZky10aDetLCQT/f9OZzg=",
      "last_login": null,
      "is_superuser": false,
      "username": "fmoreyra",
      "first_name": "Facundo",
      "last_name": "Moreyra",
      "is_staff": false,
      "is_active": true,
      "date_joined": "2020-11-30T22:32:52.729Z",
      "email": "fmoreyra@example.com",
      "groups": [],
      "user_permissions": []
    }
  },
  {
    "model": "users.user",
    "pk": "07bce258-8c44-42f1-9f25-ad5a766e3d54",
    "fields": {
      "password": "pbkdf2_sha256$180000$ZQvYB4h3Irke$YiRs/27Ww6kptoLV+QXE2Z7Ui9UQ6lN1pmA1JD/hgPc=",
      "last_login": null,
      "is_superuser": false,
      "username": "pablopp",
      "first_name": "pablop",
      "last_name": "perez",
      "is_staff": false,
      "is_active": true,
      "date_joined": "2020-12-21T23:24:18.747Z",
      "email": "pablop@gmail.com",
      "groups": [],
      "user_permissions": []
    }
  },
  {
    "model": "users.user",
    "pk": "0805bd34-25a8-4f00-85b3-2975a2d59d0a",
    "fields": {
      "password": "pbkdf2_sha256$180000$pf9ccaP4Exoq$iuye0rSQsqxlEjUeUxTO9JbESXQstOzg19cXBuN8+KM=",
      "last_login": null,
      "is_superuser": false,
      "username": "pedroluis",
      "first_name": "Luis",
      "last_name": "Pedro",
      "is_staff": false,
      "is_active": false,
      "date_joined": "2020-12-03T20:10:22.025Z",
      "email": "asdqwe@asdw.com",
      "groups": [],
      "user_permissions": []
    }
  },
  {
    "model": "users.user",
    "pk": "0955f439-8618-47b8-8762-81032ca82df8",
    "fields": {
      "password": "pbkdf2_sha256$180000$58CFK1AEXz4B$lfkZFMLmAB3hTTv2QFVhJZX+4CEskFJMbfMAwNvmeio=",
      "last_login": null,
      "is_superuser": false,
      "username": "dHarris",
      "first_name": "David",
      "last_name": "Harris",
      "is_staff": false,
      "is_active": true,
      "date_joined": "2020-10-10T22:22:31.826Z",
      "email": "asd@asdd.com",
      "groups": [],
      "user_permissions": []
    }
  },
  {
    "model": "users.user",
    "pk": "0ef86394-c8bc-470b-8d0b-d37de270c542",
    "fields": {
      "password": "pbkdf2_sha256$180000$JHTqV0jidh2Y$1aG1msAg8VQ/6/tUo73tYv7Ba3Ci3iPHcyoGWHg+t4Q=",
      "last_login": null,
      "is_superuser": false,
      "username": "cJackson",
      "first_name": "Chris",
      "last_name": "Jackson",
      "is_staff": false,
      "is_active": true,
      "date_joined": "2020-10-11T22:32:38.244Z",
      "email": "user@example.com",
      "groups": [],
      "user_permissions": []
    }
  },
  {
    "model": "users.user",
    "pk": "13a0a00c-ce80-4c0e-9108-64a697069d53",
    "fields": {
      "password": "pbkdf2_sha256$180000$UQNpMBkx2V5x$haL5/8PGTqX8zKRdi4nnMaCvo0TVTFVgFTQDTruGQi0=",
      "last_login": null,
      "is_superuser": false,
      "username": "joeFischer",
      "first_name": "Joe",
      "last_name": "Fischer",
      "is_staff": false,
      "is_active": true,
      "date_joined": "2020-10-11T22:29:43.283Z",
      "email": "jASDASDSAD@asd.com",
      "groups": [],
      "user_permissions": []
    }
  },
  {
    "model": "users.user",
    "pk": "19ba1a2b-86a8-4254-9b63-8fb52ede1334",
    "fields": {
      "password": "pbkdf2_sha256$180000$HhN5d71vwRUr$FzzAVABwBUFTdZer5Ff3j5y3D5QSsKdR9+651NXPEOU=",
      "last_login": null,
      "is_superuser": false,
      "username": "fedeLopez",
      "first_name": "Federico",
      "last_name": "L\u00f3pez",
      "is_staff": false,
      "is_active": true,
      "date_joined": "2020-10-10T22:10:48.601Z",
      "email": "6124324@hotmail.com",
      "groups": [],
      "user_permissions": []
    }
  },
  {
    "model": "users.user",
    "pk": "1f3d329e-300f-49c8-864d-acfe0f153bcd",
    "fields": {
      "password": "pbkdf2_sha256$180000$EnHaf34qNW3L$rtaJmI269hJmIMLbJGF4Bw3iJ1QxJFDATcL69Fdk/Nw=",
      "last_login": null,
      "is_superuser": false,
      "username": "johnDow",
      "first_name": "john",
      "last_name": "Dow",
      "is_staff": false,
      "is_active": false,
      "date_joined": "2020-12-03T18:30:36.821Z",
      "email": "johndoe@gmail.com",
      "groups": [],
      "user_permissions": []
    }
  },
  {
    "model": "users.user",
    "pk": "21d62303-e7eb-4161-82ea-c272cd61581d",
    "fields": {
      "password": "pbkdf2_sha256$180000$USh6OkVkWnCN$4RMzi0p+WBY/qVCgBbg5Ax63g6Q1g/MHEcxCRWBwVaw=",
      "last_login": null,
      "is_superuser": false,
      "username": "asd",
      "first_name": "asd",
      "last_name": "asd",
      "is_staff": false,
      "is_active": false,
      "date_joined": "2020-12-28T14:26:36.848Z",
      "email": "as22d@asd.com",
      "groups": [],
      "user_permissions": []
    }
  },
  {
    "model": "users.user",
    "pk": "21ed076f-ea9d-4ab0-bd7a-d7f3ca69a830",
    "fields": {
      "password": "pbkdf2_sha256$180000$Ihl2DLHlLnKn$WhRR9guUJg3jxmimKsFDFhVT4wqT8s7khU0wgTwck9Q=",
      "last_login": null,
      "is_superuser": false,
      "username": "janeDoe",
      "first_name": "Jane",
      "last_name": "Doe",
      "is_staff": false,
      "is_active": false,
      "date_joined": "2020-12-03T18:55:47.501Z",
      "email": "janeDoe@gmail.com",
      "groups": [],
      "user_permissions": []
    }
  },
  {
    "model": "users.user",
    "pk": "234ad85c-1a47-4f51-a75c-49075e13fcd0",
    "fields": {
      "password": "pbkdf2_sha256$180000$qpoTKw7J6MmS$sXqEndyDkyFcwHoeybsSCHaKCNlLcRGbMnsjbsX8J9Q=",
      "last_login": null,
      "is_superuser": false,
      "username": "robDyer",
      "first_name": "Robson",
      "last_name": "Dyer",
      "is_staff": false,
      "is_active": false,
      "date_joined": "2020-12-04T00:12:45.758Z",
      "email": "valeOliva@gmail.com",
      "groups": [],
      "user_permissions": []
    }
  },
  {
    "model": "users.user",
    "pk": "2701e270-dcaa-4b0a-a8b1-a50c818c9b5e",
    "fields": {
      "password": "pbkdf2_sha256$180000$OaYsxSWby8qa$d7UVCJ1HrEqcADuvdrSfLPltiCHAN2leqFy67VqGCno=",
      "last_login": null,
      "is_superuser": false,
      "username": "lClark",
      "first_name": "Laura",
      "last_name": "Clark",
      "is_staff": false,
      "is_active": false,
      "date_joined": "2020-12-03T19:25:59.021Z",
      "email": "asd@asd.com",
      "groups": [],
      "user_permissions": []
    }
  },
  {
    "model": "users.user",
    "pk": "2a733ed5-d0ed-41f9-91d0-d99c8c1da627",
    "fields": {
      "password": "pbkdf2_sha256$180000$bKRIjS9yZimV$5pdbDQblNwHBVbd149FOHg1rp3dmeDNdoPUITeT6/Qo=",
      "last_login": null,
      "is_superuser": false,
      "username": "jEvans",
      "first_name": "Judith",
      "last_name": "Evans",
      "is_staff": false,
      "is_active": false,
      "date_joined": "2020-12-03T18:25:05.055Z",
      "email": "asdasdfsfsd@asd.com",
      "groups": [],
      "user_permissions": []
    }
  },
  {
    "model": "users.user",
    "pk": "304c48c0-5432-4b05-bd8e-35105c115089",
    "fields": {
      "password": "pbkdf2_sha256$180000$JCsZrusOc9a5$A4rO2iKpAhceKQcLNN9yjTDHVOBGn2i4/njUNdfIjbM=",
      "last_login": null,
      "is_superuser": false,
      "username": "danteFischer",
      "first_name": "Dante",
      "last_name": "Fischer",
      "is_staff": false,
      "is_active": false,
      "date_joined": "2020-12-03T19:30:20.715Z",
      "email": "map@magi.com",
      "groups": [],
      "user_permissions": []
    }
  },
  {
    "model": "users.user",
    "pk": "33850291-970e-4a53-b6c3-824b6d7f50df",
    "fields": {
      "password": "pbkdf2_sha256$180000$j9jSzu3PwQw8$5+FANYDOjo+iGgB8VJm9MpgSSx85sbnhg0ZIaeTJBzM=",
      "last_login": null,
      "is_superuser": false,
      "username": "sLopez",
      "first_name": "Samuel",
      "last_name": "Lopez",
      "is_staff": false,
      "is_active": true,
      "date_joined": "2020-10-11T22:35:04.928Z",
      "email": "??????@hotmail.com",
      "groups": [],
      "user_permissions": []
    }
  },
  {
    "model": "users.user",
    "pk": "36285938-73fe-4a6f-94ec-2d1efc88f0ec",
    "fields": {
      "password": "pbkdf2_sha256$180000$rYQbb6BE1gD3$sS29yugyPxR2WZsV/E7dain61mv8yuaQeHZTAyp56TA=",
      "last_login": null,
      "is_superuser": false,
      "username": "mKelly",
      "first_name": "Marie",
      "last_name": "Kelly",
      "is_staff": false,
      "is_active": true,
      "date_joined": "2020-10-10T22:12:06.071Z",
      "email": "548520@hotmail.com",
      "groups": [],
      "user_permissions": []
    }
  },
  {
    "model": "users.user",
    "pk": "3a0a2230-1460-4907-bdfc-6a002e3d203b",
    "fields": {
      "password": "pbkdf2_sha256$180000$Xix9KdDr3EQ3$2/Nc+pQUY5VF9leXHF5UOM/TZFmlS5JHUosyLX+Ehnw=",
      "last_login": null,
      "is_superuser": false,
      "username": "johnFischer",
      "first_name": "John",
      "last_name": "Fischer",
      "is_staff": false,
      "is_active": false,
      "date_joined": "2020-10-18T00:11:01.607Z",
      "email": "prueba123@example.com",
      "groups": [],
      "user_permissions": []
    }
  },
  {
    "model": "users.user",
    "pk": "3beb38cd-f2d1-4f81-84cf-b0dc128cbc78",
    "fields": {
      "password": "pbkdf2_sha256$180000$etJVTJS5uJKO$eNy0+JWhvMTJMb5EAA63KQL1BLAH7A0NWqPELtkHMWk=",
      "last_login": "2020-11-06T15:57:34.437Z",
      "is_superuser": false,
      "username": "supervisor",
      "first_name": "supervisor",
      "last_name": "supervisor",
      "is_staff": false,
      "is_active": true,
      "date_joined": "2020-11-06T15:57:03.520Z",
      "email": "supervisor@supervisor.com",
      "groups": [],
      "user_permissions": []
    }
  },
  {
    "model": "users.user",
    "pk": "426ad1bb-afc5-4c3f-aae9-318a63c9e744",
    "fields": {
      "password": "pbkdf2_sha256$180000$sbE5LcrFrgz7$kn6uPaaE5NSQ/eU8RtctfCx1ghs9nTD27A6c9tzcGIQ=",
      "last_login": null,
      "is_superuser": false,
      "username": "Emilianopereyra",
      "first_name": "Emiliano",
      "last_name": "Cugno",
      "is_staff": false,
      "is_active": false,
      "date_joined": "2020-12-04T12:21:10.867Z",
      "email": "elrey@satanas.com",
      "groups": [],
      "user_permissions": []
    }
  },
  {
    "model": "users.user",
    "pk": "44740ee8-506c-466a-8d51-08d90280c51f",
    "fields": {
      "password": "pbkdf2_sha256$180000$9zj0edRYQy2t$debOpWR4Y3FjEqpZqaexQ3zHCF4YSSnyGLSxvcgOv/s=",
      "last_login": null,
      "is_superuser": false,
      "username": "resource",
      "first_name": "Joaquin",
      "last_name": "Cabal",
      "is_staff": false,
      "is_active": true,
      "date_joined": "2020-10-11T22:19:47.585Z",
      "email": "asdasdasdsaddaas@hotmail.com",
      "groups": [],
      "user_permissions": []
    }
  },
  {
    "model": "users.user",
    "pk": "4cc26223-b886-43c9-bbf0-67d4e7d5a790",
    "fields": {
      "password": "pbkdf2_sha256$180000$B0SA4u0fofu7$JCd2oaSd7+eEIcnBxu1BopCW7HCUSyj0qnyvwg7vXsM=",
      "last_login": null,
      "is_superuser": false,
      "username": "sPerez",
      "first_name": "Samuel",
      "last_name": "Perez",
      "is_staff": false,
      "is_active": true,
      "date_joined": "2020-10-10T22:24:35.919Z",
      "email": "asdasdasdasd@hotmail.com",
      "groups": [],
      "user_permissions": []
    }
  },
  {
    "model": "users.user",
    "pk": "5158ad01-6b46-46d5-b53d-c6c324bd15b7",
    "fields": {
      "password": "pbkdf2_sha256$180000$q1YfttrQRacv$QtpnZmZyqrZ9BTee85oS9Fq9+xs9cjBKv6IyPzS9IxM=",
      "last_login": null,
      "is_superuser": false,
      "username": "jCooper",
      "first_name": "Judy",
      "last_name": "Cooper",
      "is_staff": false,
      "is_active": false,
      "date_joined": "2020-12-03T18:24:34.577Z",
      "email": "asdasd@asda.com",
      "groups": [],
      "user_permissions": []
    }
  },
  {
    "model": "users.user",
    "pk": "58f71e3e-86a2-4bec-afea-f3583219676f",
    "fields": {
      "password": "pbkdf2_sha256$180000$yXxMtD4mDHz1$JjGAW4H/IYmxrNGovzQHHBPfytEhhBj4SbqQVDTJsrw=",
      "last_login": null,
      "is_superuser": false,
      "username": "juanMoreyra",
      "first_name": "Juan",
      "last_name": "Cabral",
      "is_staff": false,
      "is_active": true,
      "date_joined": "2020-10-11T23:35:36.366Z",
      "email": "facundo2@moreyra.com",
      "groups": [],
      "user_permissions": []
    }
  },
  {
    "model": "users.user",
    "pk": "59eeeb12-1512-48c1-a5bc-ead79275f716",
    "fields": {
      "password": "pbkdf2_sha256$180000$w95lNHRmZBk4$09L1L0/vvtSqSwj4edVaYDa3BrHYuvaUux2PGeHhaao=",
      "last_login": null,
      "is_superuser": false,
      "username": "pamCole",
      "first_name": "Pamela",
      "last_name": "Coleman",
      "is_staff": false,
      "is_active": false,
      "date_joined": "2020-11-16T20:18:44.689Z",
      "email": "prueba1@prueba1.com",
      "groups": [],
      "user_permissions": []
    }
  },
  {
    "model": "users.user",
    "pk": "5ae32de3-720c-4a5f-922e-a30c548b9abe",
    "fields": {
      "password": "pbkdf2_sha256$180000$WvRDnWODwrEg$CT3qkztEQoxP1qFtLW8xIrwlqe0Wly453np1+lTA+Lk=",
      "last_login": null,
      "is_superuser": false,
      "username": "santiagoDiaz",
      "first_name": "Santiago",
      "last_name": "D\u00edaz",
      "is_staff": false,
      "is_active": false,
      "date_joined": "2020-12-04T00:20:12.553Z",
      "email": "santiElAdmin2@soyadmin.com",
      "groups": [],
      "user_permissions": []
    }
  },
  {
    "model": "users.user",
    "pk": "5b60b3e7-bde6-4336-b520-93cc87a08dd7",
    "fields": {
      "password": "pbkdf2_sha256$180000$p2PYhbKBLZRV$OYlbZ6uVHY6M+vc/JtBYFeJh0XevnlHlFNkMdNJA28E=",
      "last_login": null,
      "is_superuser": false,
      "username": "marDoe",
      "first_name": "Marie",
      "last_name": "Doe",
      "is_staff": false,
      "is_active": false,
      "date_joined": "2020-12-03T19:31:39.986Z",
      "email": "rm10@gmail.com",
      "groups": [],
      "user_permissions": []
    }
  },
  {
    "model": "users.user",
    "pk": "6387c89a-5876-4d8f-bc2a-ae5754f27ec4",
    "fields": {
      "password": "pbkdf2_sha256$180000$Al1LeXm7q3gS$phgjURbDSJAZnE8HnWmipeWttjDqBM3LAsRwIYnItP0=",
      "last_login": null,
      "is_superuser": false,
      "username": "JanetDoe",
      "first_name": "Janet",
      "last_name": "Doe",
      "is_staff": false,
      "is_active": true,
      "date_joined": "2020-11-16T20:22:20.178Z",
      "email": "prueba2@prueba2.com",
      "groups": [],
      "user_permissions": []
    }
  },
  {
    "model": "users.user",
    "pk": "65c900f2-2b37-44bd-9fe6-1d940f64796f",
    "fields": {
      "password": "pbkdf2_sha256$180000$1iyDvIDfkBRq$v1X+JBYujgqpZL0F/LrLBy7RkkTVYebbkGat2LEqJJc=",
      "last_login": null,
      "is_superuser": false,
      "username": "vLopez",
      "first_name": "V\u00edctor",
      "last_name": "Lopez",
      "is_staff": false,
      "is_active": true,
      "date_joined": "2020-12-04T12:19:30.571Z",
      "email": "elfuckingpapa@soyelvaticano.com",
      "groups": [],
      "user_permissions": []
    }
  },
  {
    "model": "users.user",
    "pk": "6b41acc2-4146-4e80-96d5-2b3907b4664d",
    "fields": {
      "password": "pbkdf2_sha256$180000$vLMjH5t2blJN$EcOe8a0RmNuhPh3jFMPwi8ODnpvV8DwUWHG+Fj71CqI=",
      "last_login": null,
      "is_superuser": false,
      "username": "fedeJuarez",
      "first_name": "Federico",
      "last_name": "Ju\u00e1rez",
      "is_staff": false,
      "is_active": true,
      "date_joined": "2020-10-10T22:09:41.583Z",
      "email": "qwe@hotmail.com",
      "groups": [],
      "user_permissions": []
    }
  },
  {
    "model": "users.user",
    "pk": "6f304122-3270-4dab-b91c-5eafc97b66bf",
    "fields": {
      "password": "pbkdf2_sha256$180000$0IHh6hSwpp1X$fD/0aonkQjEhpSKYEpEX4ZKNJwg0BhQeMYkyv49Wpng=",
      "last_login": null,
      "is_superuser": false,
      "username": "lPhillips",
      "first_name": "Linda",
      "last_name": "Phillips",
      "is_staff": false,
      "is_active": false,
      "date_joined": "2020-12-03T20:06:12.834Z",
      "email": "asdasd@afsd.com",
      "groups": [],
      "user_permissions": []
    }
  },
  {
    "model": "users.user",
    "pk": "733e362a-5f1e-4fe4-b2ee-a83c85884ee9",
    "fields": {
      "password": "pbkdf2_sha256$180000$wGyCljiAhrDD$ghEnA0u3tzeyWhqbXK86ALy9z0PgLdGfVthd0nWXfdY=",
      "last_login": null,
      "is_superuser": false,
      "username": "wScott",
      "first_name": "Wayne",
      "last_name": "Scott",
      "is_staff": false,
      "is_active": false,
      "date_joined": "2020-12-03T20:12:01.070Z",
      "email": "asdqw@asd.com",
      "groups": [],
      "user_permissions": []
    }
  },
  {
    "model": "users.user",
    "pk": "74c6e3af-35f3-4cd3-878d-2315ec8e3373",
    "fields": {
      "password": "pbkdf2_sha256$180000$LR78ggRye6EU$X2RvxBCc/UGvHSfZkbsEwXLE6odqcfckfPjWZvA3K68=",
      "last_login": "2021-02-19T22:27:54.809Z",
      "is_superuser": false,
      "username": "user",
      "first_name": "Facu",
      "last_name": "More",
      "is_staff": false,
      "is_active": true,
      "date_joined": "2020-12-29T00:58:34.784Z",
      "email": "ElFacu@hotmail.com",
      "groups": [],
      "user_permissions": []
    }
  },
  {
    "model": "users.user",
    "pk": "781b322d-8812-4194-8827-96b84c8f69d5",
    "fields": {
      "password": "pbkdf2_sha256$180000$50UhWdEtm0KS$GCA0cf/J/NyKfT7NQcx/pfHTRbZW1c+5zz5k34oTIBI=",
      "last_login": null,
      "is_superuser": false,
      "username": "rWhite",
      "first_name": "Robert",
      "last_name": "White",
      "is_staff": false,
      "is_active": true,
      "date_joined": "2020-10-11T22:22:05.168Z",
      "email": "prueba@final.com",
      "groups": [],
      "user_permissions": []
    }
  },
  {
    "model": "users.user",
    "pk": "7941bbb3-9c3a-4b5f-90f8-21a97106a2bf",
    "fields": {
      "password": "pbkdf2_sha256$180000$2IuFlGThDnL4$EvNEuAmjTcxugCv51Vd5bsNJ9BwH66ifWAlCU5amaAY=",
      "last_login": null,
      "is_superuser": false,
      "username": "rMartinez",
      "first_name": "Raymond",
      "last_name": "Martinez",
      "is_staff": false,
      "is_active": true,
      "date_joined": "2020-10-19T17:17:25.658Z",
      "email": "facunditomoreyrita@123.com",
      "groups": [],
      "user_permissions": []
    }
  },
  {
    "model": "users.user",
    "pk": "7c0a7c0c-249a-4064-a578-55c1ad7444ce",
    "fields": {
      "password": "pbkdf2_sha256$180000$JNsoSDT1Y42k$gZSUKfawjk/mW8m1Ej0Sm1nDcXrVbO095xsfvOjjXvw=",
      "last_login": null,
      "is_superuser": false,
      "username": "jLopez",
      "first_name": "Jos\u00e9",
      "last_name": "L\u00f3pez",
      "is_staff": false,
      "is_active": false,
      "date_joined": "2020-12-04T00:17:26.021Z",
      "email": "valeoliva1@yahoorespuestas.com",
      "groups": [],
      "user_permissions": []
    }
  },
  {
    "model": "users.user",
    "pk": "7daf59f7-eb36-40b8-8e17-bc6cafe3717c",
    "fields": {
      "password": "pbkdf2_sha256$180000$oZ3IwjNIHwtG$2RsZlbSRHYFUGC91OVDMu7uFwVlQfOAAsKVPynCfv+I=",
      "last_login": null,
      "is_superuser": false,
      "username": "facuMore",
      "first_name": "facu",
      "last_name": "more",
      "is_staff": false,
      "is_active": false,
      "date_joined": "2020-12-28T12:54:45.968Z",
      "email": "facumore@gmail.com",
      "groups": [],
      "user_permissions": []
    }
  },
  {
    "model": "users.user",
    "pk": "856b8f3d-e688-4fcb-b431-28d4352127b9",
    "fields": {
      "password": "pbkdf2_sha256$180000$pOgAuwXajoCi$UCP1imWiWpait3T5BPOhi/8INvzp3kX3KHxX1/XvOBM=",
      "last_login": null,
      "is_superuser": false,
      "username": "tomDiaz",
      "first_name": "Tom\u00e1s",
      "last_name": "D\u00edaz",
      "is_staff": false,
      "is_active": true,
      "date_joined": "2020-10-10T22:25:13.617Z",
      "email": "ereased@asdas.com",
      "groups": [],
      "user_permissions": []
    }
  },
  {
    "model": "users.user",
    "pk": "873665a8-0da8-4937-b6f4-cc5fa96dc292",
    "fields": {
      "password": "pbkdf2_sha256$180000$qwh9z7Qgu8LW$VDFJUvd6t5hfJYPGbqf0bfmc/bGTwz3jSQSjMebpStg=",
      "last_login": "2021-01-12T01:12:18.894Z",
      "is_superuser": false,
      "username": "Rabila",
      "first_name": "Ram\u00f3n",
      "last_name": "Abila",
      "is_staff": false,
      "is_active": true,
      "date_joined": "2021-01-11T23:54:10.483Z",
      "email": "rabila@mail.com",
      "groups": [],
      "user_permissions": []
    }
  },
  {
    "model": "users.user",
    "pk": "87f0f204-54ca-43e2-b46c-bd1419697b85",
    "fields": {
      "password": "pbkdf2_sha256$180000$7aUaRB7cmO8X$5VWjVrWE8d1FEv/FnfAunGmVqS+LECT+cQJOeRFDAdg=",
      "last_login": null,
      "is_superuser": false,
      "username": "petrColes",
      "first_name": "Petra",
      "last_name": "Coles",
      "is_staff": false,
      "is_active": false,
      "date_joined": "2020-12-04T00:15:13.653Z",
      "email": "valeoliv@hotmail.com",
      "groups": [],
      "user_permissions": []
    }
  },
  {
    "model": "users.user",
    "pk": "8b5b665d-8a99-4585-8cf4-2323f1d82189",
    "fields": {
      "password": "pbkdf2_sha256$180000$dDJqGdqjyhOg$eAIkFAqUmerhlJh4WvrNjCjidbVaoAvnZJ3F6jDxkF8=",
      "last_login": null,
      "is_superuser": false,
      "username": "emilianoCugno",
      "first_name": "Emiliano",
      "last_name": "Cugno",
      "is_staff": false,
      "is_active": true,
      "date_joined": "2020-10-08T01:48:26.251Z",
      "email": "prueba@prueba.com",
      "groups": [],
      "user_permissions": []
    }
  },
  {
    "model": "users.user",
    "pk": "8eb5233e-b3b4-4798-9b26-3809b9d3b068",
    "fields": {
      "password": "pbkdf2_sha256$180000$xRVYlNaWnCIz$TjjhfOMqnMVpZkhAScwsHvqfJIylCxCLn+OvpaRK0Yo=",
      "last_login": null,
      "is_superuser": false,
      "username": "mButler",
      "first_name": "Martin",
      "last_name": "Butler",
      "is_staff": false,
      "is_active": true,
      "date_joined": "2020-10-11T23:36:51.241Z",
      "email": "facundo3@gmail.com",
      "groups": [],
      "user_permissions": []
    }
  },
  {
    "model": "users.user",
    "pk": "8f68a7d4-4031-4497-aeea-90fa016e42ea",
    "fields": {
      "password": "pbkdf2_sha256$180000$P6fUzQNEvXrT$EofrMv+0fAVYPr8feY0V+3coS5WpLbA8KO8Rk0Cn2sM=",
      "last_login": null,
      "is_superuser": false,
      "username": "AntDelgado",
      "first_name": "Antonio",
      "last_name": "Delgado",
      "is_staff": false,
      "is_active": false,
      "date_joined": "2020-12-03T20:22:52.930Z",
      "email": "macelod@gmail.com",
      "groups": [],
      "user_permissions": []
    }
  },
  {
    "model": "users.user",
    "pk": "9149e964-7034-4f74-879a-c3007807a1ee",
    "fields": {
      "password": "pbkdf2_sha256$180000$Mhd1Zc50S3qH$OWX2itcNZiHTDBlP7+0odmkPDfB2dyyR79JFIKL0Aws=",
      "last_login": null,
      "is_superuser": false,
      "username": "FranciscoDiaz",
      "first_name": "Francisco",
      "last_name": "D\u00edaz",
      "is_staff": false,
      "is_active": true,
      "date_joined": "2020-12-04T00:19:51.909Z",
      "email": "santiElAdmin@soyadmin.com",
      "groups": [],
      "user_permissions": []
    }
  },
  {
    "model": "users.user",
    "pk": "91ba5f6d-1779-4dae-a979-d21423219270",
    "fields": {
      "password": "pbkdf2_sha256$180000$PlHtjoKDs8JW$VKbV3glgZ9Ty9GG7gEWqK0N1U739cc9407Er9aWWc2k=",
      "last_login": "2021-02-19T22:42:46.698Z",
      "is_superuser": false,
      "username": "user123",
      "first_name": "user",
      "last_name": "user",
      "is_staff": false,
      "is_active": true,
      "date_joined": "2021-02-19T22:32:52.559Z",
      "email": "user@gmail.com",
      "groups": [],
      "user_permissions": []
    }
  },
  {
    "model": "users.user",
    "pk": "929b9227-c2cb-4219-9eda-57ef60adc749",
    "fields": {
      "password": "pbkdf2_sha256$180000$dcZyRzY0bj9b$kdc8xu3h2CRjpklEXerDaQZT+/fVYmzBbeBaDv7CaSQ=",
      "last_login": null,
      "is_superuser": false,
      "username": "rodrigo",
      "first_name": "Rodrigo",
      "last_name": "Franceschi",
      "is_staff": false,
      "is_active": false,
      "date_joined": "2020-12-04T00:21:57.525Z",
      "email": "roFran@admin.com",
      "groups": [],
      "user_permissions": []
    }
  },
  {
    "model": "users.user",
    "pk": "972f6e3a-2f95-4dc0-a5eb-5896b897bfd4",
    "fields": {
      "password": "pbkdf2_sha256$180000$2iDzgeiMOZhK$q4ZD9ygujsVd76mzW/BAnpCcsB22Un2oDukhS7mqoVs=",
      "last_login": null,
      "is_superuser": false,
      "username": "tomLopez",
      "first_name": "Tom\u00e1s",
      "last_name": "L\u00f3pez",
      "is_staff": false,
      "is_active": true,
      "date_joined": "2020-10-10T22:06:51.204Z",
      "email": "joaquinasd6@hotmail.com",
      "groups": [],
      "user_permissions": []
    }
  },
  {
    "model": "users.user",
    "pk": "98fc6d81-30f1-4860-9a21-d9240f72e160",
    "fields": {
      "password": "pbkdf2_sha256$180000$mn8oN3JReQgd$o+r0dEkGi3e5svjSMadlL9Eba32ZDrqafnprvpOorvQ=",
      "last_login": "2020-10-11T22:18:06.526Z",
      "is_superuser": false,
      "username": "larrEdwards",
      "first_name": "Larry",
      "last_name": "Edwards",
      "is_staff": false,
      "is_active": true,
      "date_joined": "2020-10-11T22:17:11.453Z",
      "email": "asd123prueba@holis.com",
      "groups": [],
      "user_permissions": []
    }
  },
  {
    "model": "users.user",
    "pk": "9e96e5e4-665f-4e06-970d-f54881c66536",
    "fields": {
      "password": "pbkdf2_sha256$180000$uYVnr67nNnnY$Vt440Ds2spY3URjFo2DYK2+ENUJNKmjiR3JRkqM9gas=",
      "last_login": "2021-02-22T21:40:12.761Z",
      "is_superuser": false,
      "username": "ecugno",
      "first_name": "Emiliano",
      "last_name": "Cugno",
      "is_staff": false,
      "is_active": true,
      "date_joined": "2021-02-10T21:25:05.837Z",
      "email": "ecugno@ecugno.com.com",
      "groups": [],
      "user_permissions": []
    }
  },
  {
    "model": "users.user",
    "pk": "9f87211e-6a17-4b16-8d09-1cab4065c0a4",
    "fields": {
      "password": "pbkdf2_sha256$180000$FIEtE47kWj0m$+o88AwXAEFhWdQEZcBQ6rNUBkIVY2bd08Zp6C/qbq74=",
      "last_login": null,
      "is_superuser": false,
      "username": "johndoe",
      "first_name": "John",
      "last_name": "Doe",
      "is_staff": false,
      "is_active": false,
      "date_joined": "2020-12-03T18:23:20.426Z",
      "email": "johnDoe@gmail.com",
      "groups": [],
      "user_permissions": []
    }
  },
  {
    "model": "users.user",
    "pk": "9fde3f3c-9f6a-48ff-aa09-03693ba745ae",
    "fields": {
      "password": "pbkdf2_sha256$180000$GQoz1NorbvOk$mEzYpKoWkeQOW8mQMqglGWfuBoE0NJMMSTh0NAAhOHw=",
      "last_login": null,
      "is_superuser": false,
      "username": "facumore",
      "first_name": "facundo",
      "last_name": "moreyra",
      "is_staff": false,
      "is_active": false,
      "date_joined": "2020-12-28T12:59:37.066Z",
      "email": "facumore22@gmail.com",
      "groups": [],
      "user_permissions": []
    }
  },
  {
    "model": "users.user",
    "pk": "a215104c-9d02-4afb-84f6-8438461d3be1",
    "fields": {
      "password": "pbkdf2_sha256$180000$wz7dzkbvVbtC$8Pm+x55qm36soc8bvnhS0kkZ+6DQS3YsxRVYsaszV9s=",
      "last_login": null,
      "is_superuser": false,
      "username": "jHorne",
      "first_name": "Juliet",
      "last_name": "Horne",
      "is_staff": false,
      "is_active": false,
      "date_joined": "2020-12-04T00:09:58.810Z",
      "email": "jbiraghi@hotm.com",
      "groups": [],
      "user_permissions": []
    }
  },
  {
    "model": "users.user",
    "pk": "a4c50701-1a2d-4960-be64-4966a88f8077",
    "fields": {
      "password": "pbkdf2_sha256$180000$dnHcAkV1SVGt$iGnwot5Z6VG/ABvgU49do2PfRiPJWMf3sw04bfz0zUk=",
      "last_login": null,
      "is_superuser": false,
      "username": "llopez",
      "first_name": "Laura",
      "last_name": "Lopez",
      "is_staff": false,
      "is_active": true,
      "date_joined": "2020-10-10T22:27:57.062Z",
      "email": "facmir@asd.com",
      "groups": [],
      "user_permissions": []
    }
  },
  {
    "model": "users.user",
    "pk": "acd0a9c6-2e31-47fa-8374-83e0ec37dd92",
    "fields": {
      "password": "pbkdf2_sha256$180000$krsECz2VR1Pi$FYp6kJ+gLr57fKhpplWBkz5QST5aeSYGwZHheluis4A=",
      "last_login": null,
      "is_superuser": false,
      "username": "fJuarez",
      "first_name": "Fernando",
      "last_name": "Juarez",
      "is_staff": false,
      "is_active": false,
      "date_joined": "2020-12-04T12:20:24.975Z",
      "email": "elpepe@src.com",
      "groups": [],
      "user_permissions": []
    }
  },
  {
    "model": "users.user",
    "pk": "b90982c7-aee2-4a72-aec7-68f869502f8e",
    "fields": {
      "password": "pbkdf2_sha256$180000$dkZj7kvjrGAV$odqWA9DnFpcmlA21CmhOUdQ9ecj8wQKAgu6FNPP0rmo=",
      "last_login": "2021-02-19T23:29:14.732Z",
      "is_superuser": true,
      "username": "admin",
      "first_name": "Santi",
      "last_name": "Muratore",
      "is_staff": true,
      "is_active": true,
      "date_joined": "2020-09-26T20:33:47.813Z",
      "email": "elAdmin@admin.com",
      "groups": [],
      "user_permissions": []
    }
  },
  {
    "model": "users.user",
    "pk": "c7185b96-9cc9-4c93-b286-0235098ef794",
    "fields": {
      "password": "pbkdf2_sha256$180000$mzJqJeEgACKt$IzXnjFTUTKM1qJpqKbCf5nMRvbh4sUV3y1pgoPi1W/g=",
      "last_login": null,
      "is_superuser": false,
      "username": "sarahDoe",
      "first_name": "Sarah",
      "last_name": "Doe",
      "is_staff": false,
      "is_active": false,
      "date_joined": "2020-12-03T18:45:56.498Z",
      "email": "johndoe2@gmail.com",
      "groups": [],
      "user_permissions": []
    }
  },
  {
    "model": "users.user",
    "pk": "cc1f5410-5671-450d-a6f9-a622efb61fbe",
    "fields": {
      "password": "pbkdf2_sha256$180000$1CAaPogURvum$q2bYZUT7aXLhhq4xLuunOFIgxs0c52zSW11M8l8aE1E=",
      "last_login": null,
      "is_superuser": false,
      "username": "martinFoster",
      "first_name": "Martin",
      "last_name": "Foster",
      "is_staff": false,
      "is_active": true,
      "date_joined": "2020-10-11T23:33:08.846Z",
      "email": "facundo@moreyra.com",
      "groups": [],
      "user_permissions": []
    }
  },
  {
    "model": "users.user",
    "pk": "d6990fe6-5935-416a-9d30-ace41eb120ae",
    "fields": {
      "password": "pbkdf2_sha256$180000$t39H8UHZTXhb$oPFyhgWdTlMKB9Q4KKMy+g1z7i+FczAj2wulnVo3gZQ=",
      "last_login": null,
      "is_superuser": false,
      "username": "valenOliva",
      "first_name": "Valentina",
      "last_name": "Oliva",
      "is_staff": false,
      "is_active": false,
      "date_joined": "2020-12-04T00:15:50.166Z",
      "email": "valeoliva@yahoorespuestas.com",
      "groups": [],
      "user_permissions": []
    }
  },
  {
    "model": "users.user",
    "pk": "d7ebd649-dfce-45e8-aa01-6a1a738ac222",
    "fields": {
      "password": "pbkdf2_sha256$180000$SX4vhYopVu5O$6JqWlpMODYJkqgTMMZ1uTO2VAthf7BzmsF8FAjHCjJY=",
      "last_login": null,
      "is_superuser": false,
      "username": "perro1",
      "first_name": "Fido",
      "last_name": "",
      "is_staff": false,
      "is_active": true,
      "date_joined": "2020-11-30T22:36:15.414Z",
      "email": "tobi@example.com",
      "groups": [],
      "user_permissions": []
    }
  },
  {
    "model": "users.user",
    "pk": "dc41404c-7d66-47ca-8554-762c04579a55",
    "fields": {
      "password": "pbkdf2_sha256$180000$C6YlXzcAP3Ba$Km9qV1Z7M5JmyMZg/tL889n1JTvyrXVySq65X/rWJRc=",
      "last_login": null,
      "is_superuser": false,
      "username": "jPerez1",
      "first_name": "Juan",
      "last_name": "Perez",
      "is_staff": false,
      "is_active": true,
      "date_joined": "2020-10-11T22:25:59.859Z",
      "email": "oruega@final2.com",
      "groups": [],
      "user_permissions": []
    }
  },
  {
    "model": "users.user",
    "pk": "dcb52a95-5ef9-4952-8428-4fef1c353127",
    "fields": {
      "password": "pbkdf2_sha256$180000$foBw5hloa0qC$oAx7cBfeyJy66RSqdRyKLioenEH56S67i3lj4D3wTW0=",
      "last_login": null,
      "is_superuser": false,
      "username": "jDiaz",
      "first_name": "Juan",
      "last_name": "Diaz",
      "is_staff": false,
      "is_active": true,
      "date_joined": "2020-10-10T22:03:50.762Z",
      "email": "joaquin_cabal06@hotmail.com",
      "groups": [],
      "user_permissions": []
    }
  },
  {
    "model": "users.user",
    "pk": "e548ed6c-b709-4a35-95a2-40a1f4a36b80",
    "fields": {
      "password": "pbkdf2_sha256$180000$FyOPTh8qliN9$BYyGV6dyLzg/6YrvbHmHFxaH+o9+L8H7xOfHAWGtKhU=",
      "last_login": null,
      "is_superuser": false,
      "username": "EduardoSalvio",
      "first_name": "eduardo",
      "last_name": "salvio",
      "is_staff": false,
      "is_active": false,
      "date_joined": "2020-12-28T13:26:30.561Z",
      "email": "edusalvio11@boca.com",
      "groups": [],
      "user_permissions": []
    }
  },
  {
    "model": "users.user",
    "pk": "e6dfbdbe-fcda-409b-ac26-630ec8269a4b",
    "fields": {
      "password": "pbkdf2_sha256$180000$yP44TCYXCCBN$a4YwIGkfAD/iME4PsDu2BdMLJAdsj7Qe+gNxP7YuPhE=",
      "last_login": null,
      "is_superuser": false,
      "username": "vaninaMoreyra",
      "first_name": "Vanina",
      "last_name": "Moreyra",
      "is_staff": false,
      "is_active": false,
      "date_joined": "2021-01-08T00:54:58.451Z",
      "email": "vmoreyra@gmail.com",
      "groups": [],
      "user_permissions": []
    }
  },
  {
    "model": "users.user",
    "pk": "f0ed3fbb-a57b-4037-83af-36ef216aacec",
    "fields": {
      "password": "pbkdf2_sha256$180000$MoDAhTYtcVMB$C9N6WQhzHpclGzhaowazApJbfEHCvDf+VK/Jjs7XiU0=",
      "last_login": null,
      "is_superuser": false,
      "username": "julietDoe",
      "first_name": "Juliet",
      "last_name": "Doe",
      "is_staff": false,
      "is_active": false,
      "date_joined": "2020-12-03T18:47:56.509Z",
      "email": "johndoe3@gmail.com",
      "groups": [],
      "user_permissions": []
    }
  },
  {
    "model": "users.user",
    "pk": "f196f272-c272-4def-b149-6d0fac71ea14",
    "fields": {
      "password": "pbkdf2_sha256$180000$Ur70XUspfzLa$kcowYDo77rgOi3GC5+Jy/uDLDKyKIKedXZbEF0PDRZI=",
      "last_login": null,
      "is_superuser": false,
      "username": "ldiaz",
      "first_name": "Laura",
      "last_name": "D\u00edaz",
      "is_staff": false,
      "is_active": true,
      "date_joined": "2020-10-18T00:42:58.172Z",
      "email": "carlioss@carlioss.com",
      "groups": [],
      "user_permissions": []
    }
  },
  {
    "model": "users.user",
    "pk": "fbb9d976-8d77-412e-b3fd-14e6abc336f9",
    "fields": {
      "password": "pbkdf2_sha256$180000$L7ZSvD2TKz4e$JbZr16W4UzAtq5u2zgnxz9qFZm9OFEHdrSYgKGzLXKM=",
      "last_login": null,
      "is_superuser": false,
      "username": "wKelly",
      "first_name": "Willy",
      "last_name": "Kelly",
      "is_staff": false,
      "is_active": true,
      "date_joined": "2020-10-10T22:17:34.369Z",
      "email": "elturrito@asd.com",
      "groups": [],
      "user_permissions": []
    }
  },
  {
    "model": "users.adminprofile",
    "pk": 1,
    "fields": {
      "user": "b90982c7-aee2-4a72-aec7-68f869502f8e",
      "domain": null
    }
  },
  {
    "model": "users.adminprofile",
    "pk": 2,
    "fields": {
      "user": "d6990fe6-5935-416a-9d30-ace41eb120ae",
      "domain": 1
    }
  },
  {
    "model": "users.adminprofile",
    "pk": 3,
    "fields": {
      "user": "7c0a7c0c-249a-4064-a578-55c1ad7444ce",
      "domain": 1
    }
  },
  {
    "model": "users.adminprofile",
    "pk": 4,
    "fields": {
      "user": "9149e964-7034-4f74-879a-c3007807a1ee",
      "domain": 1
    }
  },
  {
    "model": "users.adminprofile",
    "pk": 5,
    "fields": {
      "user": "5ae32de3-720c-4a5f-922e-a30c548b9abe",
      "domain": 1
    }
  },
  {
    "model": "users.adminprofile",
    "pk": 6,
    "fields": {
      "user": "929b9227-c2cb-4219-9eda-57ef60adc749",
      "domain": 1
    }
  },
  {
    "model": "users.adminprofile",
    "pk": 7,
    "fields": {
      "user": "426ad1bb-afc5-4c3f-aae9-318a63c9e744",
      "domain": 1
    }
  },
  {
    "model": "users.supervisorprofile",
    "pk": 1,
    "fields": {
      "user": "8b5b665d-8a99-4585-8cf4-2323f1d82189",
      "alias": 3,
      "domain": 1
    }
  },
  {
    "model": "users.supervisorprofile",
    "pk": 2,
    "fields": {
      "user": "856b8f3d-e688-4fcb-b431-28d4352127b9",
      "alias": 1,
      "domain": 1
    }
  },
  {
    "model": "users.supervisorprofile",
    "pk": 3,
    "fields": {
      "user": "a4c50701-1a2d-4960-be64-4966a88f8077",
      "alias": 2,
      "domain": 1
    }
  },
  {
    "model": "users.supervisorprofile",
    "pk": 4,
    "fields": {
      "user": "98fc6d81-30f1-4860-9a21-d9240f72e160",
      "alias": 2,
      "domain": 1
    }
  },
  {
    "model": "users.supervisorprofile",
    "pk": 5,
    "fields": {
      "user": "44740ee8-506c-466a-8d51-08d90280c51f",
      "alias": 1,
      "domain": 1
    }
  },
  {
    "model": "users.supervisorprofile",
    "pk": 6,
    "fields": {
      "user": "781b322d-8812-4194-8827-96b84c8f69d5",
      "alias": 3,
      "domain": 1
    }
  },
  {
    "model": "users.supervisorprofile",
    "pk": 7,
    "fields": {
      "user": "dc41404c-7d66-47ca-8554-762c04579a55",
      "alias": 3,
      "domain": 1
    }
  },
  {
    "model": "users.supervisorprofile",
    "pk": 8,
    "fields": {
      "user": "13a0a00c-ce80-4c0e-9108-64a697069d53",
      "alias": 4,
      "domain": 1
    }
  },
  {
    "model": "users.supervisorprofile",
    "pk": 9,
    "fields": {
      "user": "33850291-970e-4a53-b6c3-824b6d7f50df",
      "alias": 4,
      "domain": 1
    }
  },
  {
    "model": "users.supervisorprofile",
    "pk": 10,
    "fields": {
      "user": "8eb5233e-b3b4-4798-9b26-3809b9d3b068",
      "alias": 1,
      "domain": 1
    }
  },
  {
    "model": "users.supervisorprofile",
    "pk": 11,
    "fields": {
      "user": "7941bbb3-9c3a-4b5f-90f8-21a97106a2bf",
      "alias": 1,
      "domain": 1
    }
  },
  {
    "model": "users.supervisorprofile",
    "pk": 12,
    "fields": {
      "user": "3beb38cd-f2d1-4f81-84cf-b0dc128cbc78",
      "alias": 4,
      "domain": 1
    }
  },
  {
    "model": "users.supervisorprofile",
    "pk": 13,
    "fields": {
      "user": "2701e270-dcaa-4b0a-a8b1-a50c818c9b5e",
      "alias": 3,
      "domain": 1
    }
  },
  {
    "model": "users.supervisorprofile",
    "pk": 14,
    "fields": {
      "user": "304c48c0-5432-4b05-bd8e-35105c115089",
      "alias": 1,
      "domain": 1
    }
  },
  {
    "model": "users.supervisorprofile",
    "pk": 15,
    "fields": {
      "user": "5b60b3e7-bde6-4336-b520-93cc87a08dd7",
      "alias": 4,
      "domain": 1
    }
  },
  {
    "model": "users.supervisorprofile",
    "pk": 16,
    "fields": {
      "user": "65c900f2-2b37-44bd-9fe6-1d940f64796f",
      "alias": 3,
      "domain": 1
    }
  },
  {
    "model": "users.supervisorprofile",
    "pk": 17,
    "fields": {
      "user": "07bce258-8c44-42f1-9f25-ad5a766e3d54",
      "alias": 1,
      "domain": 1
    }
  },
  {
    "model": "users.supervisorprofile",
    "pk": 18,
    "fields": {
      "user": "74c6e3af-35f3-4cd3-878d-2315ec8e3373",
      "alias": 1,
      "domain": 1
    }
  },
  {
    "model": "users.resourceprofile",
    "pk": 1,
    "fields": {
      "user": "856b8f3d-e688-4fcb-b431-28d4352127b9",
      "type": 1,
      "domain": 1,
      "device": null
    }
  },
  {
    "model": "users.resourceprofile",
    "pk": 2,
    "fields": {
      "user": "a4c50701-1a2d-4960-be64-4966a88f8077",
      "type": 1,
      "domain": 1,
      "device": null
    }
  },
  {
    "model": "users.resourceprofile",
    "pk": 3,
    "fields": {
      "user": "781b322d-8812-4194-8827-96b84c8f69d5",
      "type": 2,
      "domain": 1,
      "device": null
    }
  },
  {
    "model": "users.resourceprofile",
    "pk": 4,
    "fields": {
      "user": "dc41404c-7d66-47ca-8554-762c04579a55",
      "type": 2,
      "domain": 1,
      "device": null
    }
  },
  {
    "model": "users.resourceprofile",
    "pk": 5,
    "fields": {
      "user": "33850291-970e-4a53-b6c3-824b6d7f50df",
      "type": 1,
      "domain": 1,
      "device": null
    }
  },
  {
    "model": "users.resourceprofile",
    "pk": 6,
    "fields": {
      "user": "0ef86394-c8bc-470b-8d0b-d37de270c542",
      "type": 1,
      "domain": 1,
      "device": null
    }
  },
  {
    "model": "users.resourceprofile",
    "pk": 7,
    "fields": {
      "user": "13a0a00c-ce80-4c0e-9108-64a697069d53",
      "type": 1,
      "domain": 1,
      "device": null
    }
  },
  {
    "model": "users.resourceprofile",
    "pk": 8,
    "fields": {
      "user": "44740ee8-506c-466a-8d51-08d90280c51f",
      "type": 1,
      "domain": 1,
      "device": null
    }
  },
  {
    "model": "users.resourceprofile",
    "pk": 9,
    "fields": {
      "user": "98fc6d81-30f1-4860-9a21-d9240f72e160",
      "type": 2,
      "domain": 1,
      "device": null
    }
  },
  {
    "model": "users.resourceprofile",
    "pk": 11,
    "fields": {
      "user": "f196f272-c272-4def-b149-6d0fac71ea14",
      "type": 1,
      "domain": 1,
      "device": null
    }
  },
  {
    "model": "users.resourceprofile",
    "pk": 12,
    "fields": {
      "user": "59eeeb12-1512-48c1-a5bc-ead79275f716",
      "type": 1,
      "domain": 1,
      "device": null
    }
  },
  {
    "model": "users.resourceprofile",
    "pk": 13,
    "fields": {
      "user": "6387c89a-5876-4d8f-bc2a-ae5754f27ec4",
      "type": 1,
      "domain": 1,
      "device": null
    }
  },
  {
    "model": "users.resourceprofile",
    "pk": 14,
    "fields": {
      "user": "0150d244-b18d-4b80-a049-b45a8444b95b",
      "type": 1,
      "domain": 1,
      "device": null
    }
  },
  {
    "model": "users.resourceprofile",
    "pk": 15,
    "fields": {
      "user": "d7ebd649-dfce-45e8-aa01-6a1a738ac222",
      "type": 2,
      "domain": 1,
      "device": null
    }
  },
  {
    "model": "users.resourceprofile",
    "pk": 16,
    "fields": {
      "user": "2a733ed5-d0ed-41f9-91d0-d99c8c1da627",
      "type": 2,
      "domain": 1,
      "device": null
    }
  },
  {
    "model": "users.resourceprofile",
    "pk": 17,
    "fields": {
      "user": "1f3d329e-300f-49c8-864d-acfe0f153bcd",
      "type": 1,
      "domain": 1,
      "device": null
    }
  },
  {
    "model": "users.resourceprofile",
    "pk": 18,
    "fields": {
      "user": "c7185b96-9cc9-4c93-b286-0235098ef794",
      "type": 2,
      "domain": 1,
      "device": null
    }
  },
  {
    "model": "users.resourceprofile",
    "pk": 19,
    "fields": {
      "user": "f0ed3fbb-a57b-4037-83af-36ef216aacec",
      "type": 1,
      "domain": 1,
      "device": null
    }
  },
  {
    "model": "users.resourceprofile",
    "pk": 20,
    "fields": {
      "user": "21ed076f-ea9d-4ab0-bd7a-d7f3ca69a830",
      "type": 1,
      "domain": 1,
      "device": null
    }
  },
  {
    "model": "users.resourceprofile",
    "pk": 21,
    "fields": {
      "user": "6f304122-3270-4dab-b91c-5eafc97b66bf",
      "type": 1,
      "domain": 1,
      "device": null
    }
  },
  {
    "model": "users.resourceprofile",
    "pk": 22,
    "fields": {
      "user": "0805bd34-25a8-4f00-85b3-2975a2d59d0a",
      "type": 1,
      "domain": 1,
      "device": null
    }
  },
  {
    "model": "users.resourceprofile",
    "pk": 23,
    "fields": {
      "user": "733e362a-5f1e-4fe4-b2ee-a83c85884ee9",
      "type": 1,
      "domain": 1,
      "device": null
    }
  },
  {
    "model": "users.resourceprofile",
    "pk": 24,
    "fields": {
      "user": "8f68a7d4-4031-4497-aeea-90fa016e42ea",
      "type": 1,
      "domain": 1,
      "device": null
    }
  },
  {
    "model": "users.resourceprofile",
    "pk": 25,
    "fields": {
      "user": "acd0a9c6-2e31-47fa-8374-83e0ec37dd92",
      "type": 2,
      "domain": 1,
      "device": null
    }
  },
  {
    "model": "users.resourceprofile",
    "pk": 26,
    "fields": {
      "user": "9fde3f3c-9f6a-48ff-aa09-03693ba745ae",
      "type": 1,
      "domain": 1,
      "device": null
    }
  },
  {
    "model": "users.resourceprofile",
    "pk": 27,
    "fields": {
      "user": "e548ed6c-b709-4a35-95a2-40a1f4a36b80",
      "type": 2,
      "domain": 1,
      "device": null
    }
  },
  {
    "model": "users.resourceprofile",
    "pk": 28,
    "fields": {
      "user": "21d62303-e7eb-4161-82ea-c272cd61581d",
      "type": 1,
      "domain": 1,
      "device": null
    }
  },
  {
    "model": "users.resourceprofile",
    "pk": 29,
    "fields": {
      "user": "e6dfbdbe-fcda-409b-ac26-630ec8269a4b",
      "type": 1,
      "domain": 1,
      "device": null
    }
  },
  {
    "model": "users.resourceprofile",
    "pk": 30,
    "fields": {
      "user": "873665a8-0da8-4937-b6f4-cc5fa96dc292",
      "type": 1,
      "domain": 1,
      "device": null
    }
  },
  {
    "model": "users.resourceprofile",
    "pk": 31,
    "fields": {
      "user": "9e96e5e4-665f-4e06-970d-f54881c66536",
      "type": 1,
      "domain": 1,
      "device": null
    }
  },
  {
    "model": "users.resourceprofile",
    "pk": 32,
    "fields": {
      "user": "91ba5f6d-1779-4dae-a979-d21423219270",
      "type": 1,
      "domain": 1,
      "device": null
    }
  }
]